id,firstname,lastname,email,email2,profession
100,Dagmar,Jeanne,Dagmar.Jeanne@yopmail.com,Dagmar.Jeanne@gmail.com,police officer
101,Benita,Delacourt,Benita.Delacourt@yopmail.com,Benita.Delacourt@gmail.com,police officer
102,Corina,Louanna,Corina.Louanna@yopmail.com,Corina.Louanna@gmail.com,firefighter
103,Nikki,Cloris,Nikki.Cloris@yopmail.com,Nikki.Cloris@gmail.com,worker
104,Vivia,Tyson,Vivia.Tyson@yopmail.com,Vivia.Tyson@gmail.com,doctor
105,Elie,Kristi,Elie.Kristi@yopmail.com,Elie.Kristi@gmail.com,developer
106,Orelia,Allina,Orelia.Allina@yopmail.com,Orelia.Allina@gmail.com,police officer
107,Chere,Dituri,Chere.Dituri@yopmail.com,Chere.Dituri@gmail.com,worker
108,Britte,Delila,Britte.Delila@yopmail.com,Britte.Delila@gmail.com,police officer
109,Suzette,Papageno,Suzette.Papageno@yopmail.com,Suzette.Papageno@gmail.com,developer
110,Carly,Selway,Carly.Selway@yopmail.com,Carly.Selway@gmail.com,doctor
111,Cindelyn,Sallyann,Cindelyn.Sallyann@yopmail.com,Cindelyn.Sallyann@gmail.com,police officer
112,Sam,Toor,Sam.Toor@yopmail.com,Sam.Toor@gmail.com,worker
113,Halette,Belldas,Halette.Belldas@yopmail.com,Halette.Belldas@gmail.com,developer
114,Isa,Carri,Isa.Carri@yopmail.com,Isa.Carri@gmail.com,developer
115,Doralynne,Ehrman,Doralynne.Ehrman@yopmail.com,Doralynne.Ehrman@gmail.com,firefighter
116,Johna,Schenck,Johna.Schenck@yopmail.com,Johna.Schenck@gmail.com,developer
117,Edith,Tristram,Edith.Tristram@yopmail.com,Edith.Tristram@gmail.com,worker
118,Tybie,Ellord,Tybie.Ellord@yopmail.com,Tybie.Ellord@gmail.com,firefighter
119,Mellicent,Faro,Mellicent.Faro@yopmail.com,Mellicent.Faro@gmail.com,firefighter
120,Ayn,Isacco,Ayn.Isacco@yopmail.com,Ayn.Isacco@gmail.com,developer
121,Annecorinne,Sidonius,Annecorinne.Sidonius@yopmail.com,Annecorinne.Sidonius@gmail.com,doctor
122,Riannon,Truc,Riannon.Truc@yopmail.com,Riannon.Truc@gmail.com,firefighter
123,Anthia,Fiester,Anthia.Fiester@yopmail.com,Anthia.Fiester@gmail.com,firefighter
124,Sabina,Lia,Sabina.Lia@yopmail.com,Sabina.Lia@gmail.com,developer
125,Margarette,Wandie,Margarette.Wandie@yopmail.com,Margarette.Wandie@gmail.com,developer
126,Camile,Morgun,Camile.Morgun@yopmail.com,Camile.Morgun@gmail.com,police officer
127,Augustine,Koehler,Augustine.Koehler@yopmail.com,Augustine.Koehler@gmail.com,firefighter
128,Gretal,Yate,Gretal.Yate@yopmail.com,Gretal.Yate@gmail.com,doctor
129,Celisse,Heidt,Celisse.Heidt@yopmail.com,Celisse.Heidt@gmail.com,doctor
130,Ofilia,Campball,Ofilia.Campball@yopmail.com,Ofilia.Campball@gmail.com,doctor
131,Nikki,Bennie,Nikki.Bennie@yopmail.com,Nikki.Bennie@gmail.com,developer
132,Jaime,Schroth,Jaime.Schroth@yopmail.com,Jaime.Schroth@gmail.com,worker
133,Juliane,Susannah,Juliane.Susannah@yopmail.com,Juliane.Susannah@gmail.com,firefighter
134,Ardeen,Neils,Ardeen.Neils@yopmail.com,Ardeen.Neils@gmail.com,police officer
135,Rochette,Anselmi,Rochette.Anselmi@yopmail.com,Rochette.Anselmi@gmail.com,worker
136,Brandise,Virgin,Brandise.Virgin@yopmail.com,Brandise.Virgin@gmail.com,firefighter
137,Albertina,Stover,Albertina.Stover@yopmail.com,Albertina.Stover@gmail.com,police officer
138,Myriam,Remmer,Myriam.Remmer@yopmail.com,Myriam.Remmer@gmail.com,firefighter
139,Carilyn,Uund,Carilyn.Uund@yopmail.com,Carilyn.Uund@gmail.com,doctor
140,Brooks,Jorgan,Brooks.Jorgan@yopmail.com,Brooks.Jorgan@gmail.com,firefighter
141,Evita,Morrill,Evita.Morrill@yopmail.com,Evita.Morrill@gmail.com,worker
142,Ottilie,Pulsifer,Ottilie.Pulsifer@yopmail.com,Ottilie.Pulsifer@gmail.com,police officer
143,Alleen,Pandolfi,Alleen.Pandolfi@yopmail.com,Alleen.Pandolfi@gmail.com,firefighter
144,Sadie,Lowry,Sadie.Lowry@yopmail.com,Sadie.Lowry@gmail.com,worker
145,Molli,Mata,Molli.Mata@yopmail.com,Molli.Mata@gmail.com,doctor
146,Anallese,Noman,Anallese.Noman@yopmail.com,Anallese.Noman@gmail.com,police officer
147,Carmencita,Buffum,Carmencita.Buffum@yopmail.com,Carmencita.Buffum@gmail.com,developer
148,Clary,Sprage,Clary.Sprage@yopmail.com,Clary.Sprage@gmail.com,doctor
149,Berta,Desai,Berta.Desai@yopmail.com,Berta.Desai@gmail.com,doctor
150,Sibella,Eben,Sibella.Eben@yopmail.com,Sibella.Eben@gmail.com,firefighter
151,Cherilyn,Alfons,Cherilyn.Alfons@yopmail.com,Cherilyn.Alfons@gmail.com,doctor
152,Emylee,Mike,Emylee.Mike@yopmail.com,Emylee.Mike@gmail.com,worker
153,Meg,Brenn,Meg.Brenn@yopmail.com,Meg.Brenn@gmail.com,police officer
154,Shannah,Alcott,Shannah.Alcott@yopmail.com,Shannah.Alcott@gmail.com,worker
155,Alie,Dichy,Alie.Dichy@yopmail.com,Alie.Dichy@gmail.com,police officer
156,Mireielle,Jeanne,Mireielle.Jeanne@yopmail.com,Mireielle.Jeanne@gmail.com,worker
157,Perry,Rhu,Perry.Rhu@yopmail.com,Perry.Rhu@gmail.com,police officer
158,Allis,Honoria,Allis.Honoria@yopmail.com,Allis.Honoria@gmail.com,doctor
159,Rani,Craggie,Rani.Craggie@yopmail.com,Rani.Craggie@gmail.com,developer
160,Gerianna,Ax,Gerianna.Ax@yopmail.com,Gerianna.Ax@gmail.com,worker
161,Marjie,Amasa,Marjie.Amasa@yopmail.com,Marjie.Amasa@gmail.com,firefighter
162,Nananne,Montgomery,Nananne.Montgomery@yopmail.com,Nananne.Montgomery@gmail.com,doctor
163,Dale,Carbo,Dale.Carbo@yopmail.com,Dale.Carbo@gmail.com,developer
164,Ofilia,Klotz,Ofilia.Klotz@yopmail.com,Ofilia.Klotz@gmail.com,firefighter
165,Petronia,Quinn,Petronia.Quinn@yopmail.com,Petronia.Quinn@gmail.com,doctor
166,Ezmeralda,Yate,Ezmeralda.Yate@yopmail.com,Ezmeralda.Yate@gmail.com,police officer
167,Susette,Talia,Susette.Talia@yopmail.com,Susette.Talia@gmail.com,worker
168,Kirstin,Hertzfeld,Kirstin.Hertzfeld@yopmail.com,Kirstin.Hertzfeld@gmail.com,firefighter
169,Belva,Roche,Belva.Roche@yopmail.com,Belva.Roche@gmail.com,developer
170,Jorry,Fredi,Jorry.Fredi@yopmail.com,Jorry.Fredi@gmail.com,developer
171,Lelah,Argus,Lelah.Argus@yopmail.com,Lelah.Argus@gmail.com,worker
172,Marika,Gower,Marika.Gower@yopmail.com,Marika.Gower@gmail.com,police officer
173,Candi,Fleeta,Candi.Fleeta@yopmail.com,Candi.Fleeta@gmail.com,worker
174,Nicoli,Kress,Nicoli.Kress@yopmail.com,Nicoli.Kress@gmail.com,doctor
175,Doro,Ivens,Doro.Ivens@yopmail.com,Doro.Ivens@gmail.com,worker
176,Ebonee,Firmin,Ebonee.Firmin@yopmail.com,Ebonee.Firmin@gmail.com,police officer
177,Anallese,Vacuva,Anallese.Vacuva@yopmail.com,Anallese.Vacuva@gmail.com,doctor
178,Ilse,Salchunas,Ilse.Salchunas@yopmail.com,Ilse.Salchunas@gmail.com,doctor
179,Sharai,Uund,Sharai.Uund@yopmail.com,Sharai.Uund@gmail.com,firefighter
180,Corina,Sothena,Corina.Sothena@yopmail.com,Corina.Sothena@gmail.com,doctor
181,Paulita,Shields,Paulita.Shields@yopmail.com,Paulita.Shields@gmail.com,doctor
182,Antonietta,Buckler,Antonietta.Buckler@yopmail.com,Antonietta.Buckler@gmail.com,firefighter
183,Flo,Ciro,Flo.Ciro@yopmail.com,Flo.Ciro@gmail.com,firefighter
184,Tersina,Eiser,Tersina.Eiser@yopmail.com,Tersina.Eiser@gmail.com,police officer
185,Molli,Demitria,Molli.Demitria@yopmail.com,Molli.Demitria@gmail.com,police officer
186,Karena,Morehouse,Karena.Morehouse@yopmail.com,Karena.Morehouse@gmail.com,developer
187,Roz,Riva,Roz.Riva@yopmail.com,Roz.Riva@gmail.com,firefighter
188,Elise,Abram,Elise.Abram@yopmail.com,Elise.Abram@gmail.com,developer
189,Tressa,Brandice,Tressa.Brandice@yopmail.com,Tressa.Brandice@gmail.com,police officer
190,Jany,Ax,Jany.Ax@yopmail.com,Jany.Ax@gmail.com,developer
191,Bobbi,Therine,Bobbi.Therine@yopmail.com,Bobbi.Therine@gmail.com,police officer
192,Alyda,Lea,Alyda.Lea@yopmail.com,Alyda.Lea@gmail.com,police officer
193,Perry,Carleen,Perry.Carleen@yopmail.com,Perry.Carleen@gmail.com,doctor
194,Kassey,Pulsifer,Kassey.Pulsifer@yopmail.com,Kassey.Pulsifer@gmail.com,doctor
195,Gerrie,Allys,Gerrie.Allys@yopmail.com,Gerrie.Allys@gmail.com,developer
196,Nicoli,Sherrie,Nicoli.Sherrie@yopmail.com,Nicoli.Sherrie@gmail.com,developer
197,Blondelle,Kesley,Blondelle.Kesley@yopmail.com,Blondelle.Kesley@gmail.com,worker
198,Daryl,Seessel,Daryl.Seessel@yopmail.com,Daryl.Seessel@gmail.com,police officer
199,Kylynn,Wu,Kylynn.Wu@yopmail.com,Kylynn.Wu@gmail.com,doctor
200,Marcy,Mendez,Marcy.Mendez@yopmail.com,Marcy.Mendez@gmail.com,doctor
201,Correy,Bandeen,Correy.Bandeen@yopmail.com,Correy.Bandeen@gmail.com,police officer
202,Abbie,Wilona,Abbie.Wilona@yopmail.com,Abbie.Wilona@gmail.com,doctor
203,Wanda,Hollingsworth,Wanda.Hollingsworth@yopmail.com,Wanda.Hollingsworth@gmail.com,worker
204,Yolane,Palocz,Yolane.Palocz@yopmail.com,Yolane.Palocz@gmail.com,firefighter
205,Nessie,Marcellus,Nessie.Marcellus@yopmail.com,Nessie.Marcellus@gmail.com,worker
206,Tonia,Weitman,Tonia.Weitman@yopmail.com,Tonia.Weitman@gmail.com,firefighter
207,Kristina,Haymes,Kristina.Haymes@yopmail.com,Kristina.Haymes@gmail.com,firefighter
208,Glenda,Therine,Glenda.Therine@yopmail.com,Glenda.Therine@gmail.com,worker
209,Courtnay,Colyer,Courtnay.Colyer@yopmail.com,Courtnay.Colyer@gmail.com,developer
210,Rozele,Ludewig,Rozele.Ludewig@yopmail.com,Rozele.Ludewig@gmail.com,doctor
211,Oralee,Waldron,Oralee.Waldron@yopmail.com,Oralee.Waldron@gmail.com,doctor
212,Corina,Arquit,Corina.Arquit@yopmail.com,Corina.Arquit@gmail.com,worker
213,Stacey,Dichy,Stacey.Dichy@yopmail.com,Stacey.Dichy@gmail.com,developer
214,Kate,Tristram,Kate.Tristram@yopmail.com,Kate.Tristram@gmail.com,doctor
215,Nollie,Virgin,Nollie.Virgin@yopmail.com,Nollie.Virgin@gmail.com,firefighter
216,Alia,Liebermann,Alia.Liebermann@yopmail.com,Alia.Liebermann@gmail.com,firefighter
217,Cathie,Holtz,Cathie.Holtz@yopmail.com,Cathie.Holtz@gmail.com,firefighter
218,Henriette,Alcott,Henriette.Alcott@yopmail.com,Henriette.Alcott@gmail.com,doctor
219,Rebeca,Iphlgenia,Rebeca.Iphlgenia@yopmail.com,Rebeca.Iphlgenia@gmail.com,firefighter
220,Siana,Auberbach,Siana.Auberbach@yopmail.com,Siana.Auberbach@gmail.com,firefighter
221,Adelle,Barbey,Adelle.Barbey@yopmail.com,Adelle.Barbey@gmail.com,doctor
222,Corina,Burch,Corina.Burch@yopmail.com,Corina.Burch@gmail.com,firefighter
223,Deirdre,Briney,Deirdre.Briney@yopmail.com,Deirdre.Briney@gmail.com,firefighter
224,Myriam,Lesley,Myriam.Lesley@yopmail.com,Myriam.Lesley@gmail.com,police officer
225,Wilma,Thilda,Wilma.Thilda@yopmail.com,Wilma.Thilda@gmail.com,developer
226,Peri,Kolnick,Peri.Kolnick@yopmail.com,Peri.Kolnick@gmail.com,doctor
227,Gratia,Raffo,Gratia.Raffo@yopmail.com,Gratia.Raffo@gmail.com,worker
228,Justinn,Goerke,Justinn.Goerke@yopmail.com,Justinn.Goerke@gmail.com,worker
229,Joy,Vilma,Joy.Vilma@yopmail.com,Joy.Vilma@gmail.com,worker
230,Xylina,Publia,Xylina.Publia@yopmail.com,Xylina.Publia@gmail.com,police officer
231,Sindee,Kimmie,Sindee.Kimmie@yopmail.com,Sindee.Kimmie@gmail.com,doctor
232,Emelina,Ciapas,Emelina.Ciapas@yopmail.com,Emelina.Ciapas@gmail.com,police officer
233,Ezmeralda,Infield,Ezmeralda.Infield@yopmail.com,Ezmeralda.Infield@gmail.com,worker
234,Alie,Dreda,Alie.Dreda@yopmail.com,Alie.Dreda@gmail.com,police officer
235,Calla,Cristi,Calla.Cristi@yopmail.com,Calla.Cristi@gmail.com,worker
236,Paola,Persse,Paola.Persse@yopmail.com,Paola.Persse@gmail.com,doctor
237,Maye,Clywd,Maye.Clywd@yopmail.com,Maye.Clywd@gmail.com,firefighter
238,Janenna,Boycey,Janenna.Boycey@yopmail.com,Janenna.Boycey@gmail.com,firefighter
239,Karena,Rillings,Karena.Rillings@yopmail.com,Karena.Rillings@gmail.com,doctor
240,Lucille,Gherardo,Lucille.Gherardo@yopmail.com,Lucille.Gherardo@gmail.com,developer
241,Max,Fontana,Max.Fontana@yopmail.com,Max.Fontana@gmail.com,police officer
242,Noelle,Shaddock,Noelle.Shaddock@yopmail.com,Noelle.Shaddock@gmail.com,worker
243,Lily,Lowry,Lily.Lowry@yopmail.com,Lily.Lowry@gmail.com,worker
244,Bibby,Dyche,Bibby.Dyche@yopmail.com,Bibby.Dyche@gmail.com,developer
245,Susan,Dorcy,Susan.Dorcy@yopmail.com,Susan.Dorcy@gmail.com,worker
246,Laurene,Glenden,Laurene.Glenden@yopmail.com,Laurene.Glenden@gmail.com,worker
247,Claudina,Othilia,Claudina.Othilia@yopmail.com,Claudina.Othilia@gmail.com,worker
248,Elie,Fiann,Elie.Fiann@yopmail.com,Elie.Fiann@gmail.com,doctor
249,Henriette,Weide,Henriette.Weide@yopmail.com,Henriette.Weide@gmail.com,developer
250,Sheelagh,Bury,Sheelagh.Bury@yopmail.com,Sheelagh.Bury@gmail.com,firefighter
251,Kathi,Fabiola,Kathi.Fabiola@yopmail.com,Kathi.Fabiola@gmail.com,doctor
252,Belva,Constancy,Belva.Constancy@yopmail.com,Belva.Constancy@gmail.com,doctor
253,Leeanne,Konyn,Leeanne.Konyn@yopmail.com,Leeanne.Konyn@gmail.com,firefighter
254,Cristabel,Bergman,Cristabel.Bergman@yopmail.com,Cristabel.Bergman@gmail.com,developer
255,Siana,Nance,Siana.Nance@yopmail.com,Siana.Nance@gmail.com,worker
256,Monika,Aaberg,Monika.Aaberg@yopmail.com,Monika.Aaberg@gmail.com,developer
257,Janeczka,Dorcy,Janeczka.Dorcy@yopmail.com,Janeczka.Dorcy@gmail.com,police officer
258,Daryl,Erlandson,Daryl.Erlandson@yopmail.com,Daryl.Erlandson@gmail.com,police officer
259,Edyth,Baptlsta,Edyth.Baptlsta@yopmail.com,Edyth.Baptlsta@gmail.com,developer
260,Tarra,Aurelio,Tarra.Aurelio@yopmail.com,Tarra.Aurelio@gmail.com,worker
261,Melodie,Nickola,Melodie.Nickola@yopmail.com,Melodie.Nickola@gmail.com,police officer
262,Lisette,Magdalen,Lisette.Magdalen@yopmail.com,Lisette.Magdalen@gmail.com,police officer
263,Di,Dyche,Di.Dyche@yopmail.com,Di.Dyche@gmail.com,police officer
264,Addia,Sheng,Addia.Sheng@yopmail.com,Addia.Sheng@gmail.com,worker
265,Gaylene,Palocz,Gaylene.Palocz@yopmail.com,Gaylene.Palocz@gmail.com,developer
266,Helena,Aldric,Helena.Aldric@yopmail.com,Helena.Aldric@gmail.com,worker
267,Taffy,Jacobah,Taffy.Jacobah@yopmail.com,Taffy.Jacobah@gmail.com,police officer
268,Candy,Autrey,Candy.Autrey@yopmail.com,Candy.Autrey@gmail.com,doctor
269,Rubie,Revkah,Rubie.Revkah@yopmail.com,Rubie.Revkah@gmail.com,worker
270,Corene,Abbot,Corene.Abbot@yopmail.com,Corene.Abbot@gmail.com,worker
271,Oralee,Trace,Oralee.Trace@yopmail.com,Oralee.Trace@gmail.com,developer
272,Amii,Leopold,Amii.Leopold@yopmail.com,Amii.Leopold@gmail.com,developer
273,Molli,Gwenore,Molli.Gwenore@yopmail.com,Molli.Gwenore@gmail.com,firefighter
274,Theodora,Imelida,Theodora.Imelida@yopmail.com,Theodora.Imelida@gmail.com,worker
275,Kathi,Letsou,Kathi.Letsou@yopmail.com,Kathi.Letsou@gmail.com,worker
276,Kassey,Angelis,Kassey.Angelis@yopmail.com,Kassey.Angelis@gmail.com,developer
277,Bettine,Verger,Bettine.Verger@yopmail.com,Bettine.Verger@gmail.com,firefighter
278,Kristina,Abram,Kristina.Abram@yopmail.com,Kristina.Abram@gmail.com,worker
279,Xylina,Drisko,Xylina.Drisko@yopmail.com,Xylina.Drisko@gmail.com,doctor
280,Teddie,Muriel,Teddie.Muriel@yopmail.com,Teddie.Muriel@gmail.com,police officer
281,Arlina,Fry,Arlina.Fry@yopmail.com,Arlina.Fry@gmail.com,firefighter
282,Mellicent,Jaylene,Mellicent.Jaylene@yopmail.com,Mellicent.Jaylene@gmail.com,doctor
283,Marnia,Deny,Marnia.Deny@yopmail.com,Marnia.Deny@gmail.com,doctor
284,Henriette,Gwenore,Henriette.Gwenore@yopmail.com,Henriette.Gwenore@gmail.com,worker
285,Celene,Krystle,Celene.Krystle@yopmail.com,Celene.Krystle@gmail.com,police officer
286,Elise,Stuart,Elise.Stuart@yopmail.com,Elise.Stuart@gmail.com,developer
287,Jerry,Nadia,Jerry.Nadia@yopmail.com,Jerry.Nadia@gmail.com,doctor
288,Blinni,Sprage,Blinni.Sprage@yopmail.com,Blinni.Sprage@gmail.com,doctor
289,Cassandra,Kirbee,Cassandra.Kirbee@yopmail.com,Cassandra.Kirbee@gmail.com,developer
290,Raina,Denis,Raina.Denis@yopmail.com,Raina.Denis@gmail.com,developer
291,Correy,Salchunas,Correy.Salchunas@yopmail.com,Correy.Salchunas@gmail.com,doctor
292,Madelle,Idelia,Madelle.Idelia@yopmail.com,Madelle.Idelia@gmail.com,firefighter
293,Eve,Flita,Eve.Flita@yopmail.com,Eve.Flita@gmail.com,developer
294,Brianna,Pandolfi,Brianna.Pandolfi@yopmail.com,Brianna.Pandolfi@gmail.com,police officer
295,Perry,Dannye,Perry.Dannye@yopmail.com,Perry.Dannye@gmail.com,police officer
296,Lelah,Burch,Lelah.Burch@yopmail.com,Lelah.Burch@gmail.com,doctor
297,Candi,Lumbard,Candi.Lumbard@yopmail.com,Candi.Lumbard@gmail.com,worker
298,Johna,Crudden,Johna.Crudden@yopmail.com,Johna.Crudden@gmail.com,doctor
299,Talya,Evvie,Talya.Evvie@yopmail.com,Talya.Evvie@gmail.com,doctor
300,Ileana,Raul,Ileana.Raul@yopmail.com,Ileana.Raul@gmail.com,developer
301,Chloris,Janith,Chloris.Janith@yopmail.com,Chloris.Janith@gmail.com,police officer
302,Oralee,Gibbeon,Oralee.Gibbeon@yopmail.com,Oralee.Gibbeon@gmail.com,developer
303,Gertrud,Yoko,Gertrud.Yoko@yopmail.com,Gertrud.Yoko@gmail.com,developer
304,Constance,Dawkins,Constance.Dawkins@yopmail.com,Constance.Dawkins@gmail.com,firefighter
305,Edee,Byrne,Edee.Byrne@yopmail.com,Edee.Byrne@gmail.com,firefighter
306,Perry,Stoller,Perry.Stoller@yopmail.com,Perry.Stoller@gmail.com,firefighter
307,Karlee,Colleen,Karlee.Colleen@yopmail.com,Karlee.Colleen@gmail.com,firefighter
308,Gertrud,Borrell,Gertrud.Borrell@yopmail.com,Gertrud.Borrell@gmail.com,police officer
309,Lorie,Podvin,Lorie.Podvin@yopmail.com,Lorie.Podvin@gmail.com,firefighter
310,Vivia,Norvol,Vivia.Norvol@yopmail.com,Vivia.Norvol@gmail.com,worker
311,Chere,Sundin,Chere.Sundin@yopmail.com,Chere.Sundin@gmail.com,worker
312,Genevra,Garek,Genevra.Garek@yopmail.com,Genevra.Garek@gmail.com,developer
313,Angela,Baptlsta,Angela.Baptlsta@yopmail.com,Angela.Baptlsta@gmail.com,doctor
314,Gianina,Lemuela,Gianina.Lemuela@yopmail.com,Gianina.Lemuela@gmail.com,worker
315,Vanessa,Craggie,Vanessa.Craggie@yopmail.com,Vanessa.Craggie@gmail.com,firefighter
316,Raina,Parette,Raina.Parette@yopmail.com,Raina.Parette@gmail.com,developer
317,Emilia,Weitman,Emilia.Weitman@yopmail.com,Emilia.Weitman@gmail.com,police officer
318,Fanchon,Trinetta,Fanchon.Trinetta@yopmail.com,Fanchon.Trinetta@gmail.com,firefighter
319,Eve,Kauppi,Eve.Kauppi@yopmail.com,Eve.Kauppi@gmail.com,doctor
320,Zsa Zsa,Kiersten,Zsa Zsa.Kiersten@yopmail.com,Zsa Zsa.Kiersten@gmail.com,police officer
321,Blinni,Felizio,Blinni.Felizio@yopmail.com,Blinni.Felizio@gmail.com,developer
322,Collen,Hull,Collen.Hull@yopmail.com,Collen.Hull@gmail.com,developer
323,Deedee,Robertson,Deedee.Robertson@yopmail.com,Deedee.Robertson@gmail.com,police officer
324,Odessa,Lunsford,Odessa.Lunsford@yopmail.com,Odessa.Lunsford@gmail.com,doctor
325,Karolina,Gordon,Karolina.Gordon@yopmail.com,Karolina.Gordon@gmail.com,worker
326,Silvana,Revkah,Silvana.Revkah@yopmail.com,Silvana.Revkah@gmail.com,police officer
327,Gretal,Lubin,Gretal.Lubin@yopmail.com,Gretal.Lubin@gmail.com,firefighter
328,Meghann,Sidonius,Meghann.Sidonius@yopmail.com,Meghann.Sidonius@gmail.com,firefighter
329,Suzette,Ardra,Suzette.Ardra@yopmail.com,Suzette.Ardra@gmail.com,police officer
330,Leontine,Wilkinson,Leontine.Wilkinson@yopmail.com,Leontine.Wilkinson@gmail.com,doctor
331,Bobinette,Noman,Bobinette.Noman@yopmail.com,Bobinette.Noman@gmail.com,developer
332,Jaime,Libna,Jaime.Libna@yopmail.com,Jaime.Libna@gmail.com,doctor
333,Harrietta,Felecia,Harrietta.Felecia@yopmail.com,Harrietta.Felecia@gmail.com,police officer
334,Donnie,Wolfgram,Donnie.Wolfgram@yopmail.com,Donnie.Wolfgram@gmail.com,developer
335,Marsiella,Markman,Marsiella.Markman@yopmail.com,Marsiella.Markman@gmail.com,worker
336,Shauna,Barrus,Shauna.Barrus@yopmail.com,Shauna.Barrus@gmail.com,developer
337,Shirlee,Thilda,Shirlee.Thilda@yopmail.com,Shirlee.Thilda@gmail.com,doctor
338,Gui,Grobe,Gui.Grobe@yopmail.com,Gui.Grobe@gmail.com,developer
339,Ruthe,Berriman,Ruthe.Berriman@yopmail.com,Ruthe.Berriman@gmail.com,worker
340,Rori,Friede,Rori.Friede@yopmail.com,Rori.Friede@gmail.com,firefighter
341,Marsiella,Krystle,Marsiella.Krystle@yopmail.com,Marsiella.Krystle@gmail.com,worker
342,Shaylyn,Tufts,Shaylyn.Tufts@yopmail.com,Shaylyn.Tufts@gmail.com,developer
343,Cathyleen,Revkah,Cathyleen.Revkah@yopmail.com,Cathyleen.Revkah@gmail.com,developer
344,Tatiania,Monaco,Tatiania.Monaco@yopmail.com,Tatiania.Monaco@gmail.com,doctor
345,Jacquetta,Taam,Jacquetta.Taam@yopmail.com,Jacquetta.Taam@gmail.com,police officer
346,Gianina,Kirstin,Gianina.Kirstin@yopmail.com,Gianina.Kirstin@gmail.com,doctor
347,Gerianna,Smitt,Gerianna.Smitt@yopmail.com,Gerianna.Smitt@gmail.com,police officer
348,Liana,Bandeen,Liana.Bandeen@yopmail.com,Liana.Bandeen@gmail.com,doctor
349,Miquela,Billye,Miquela.Billye@yopmail.com,Miquela.Billye@gmail.com,doctor
350,Heddie,Evangelia,Heddie.Evangelia@yopmail.com,Heddie.Evangelia@gmail.com,firefighter
351,Sashenka,Hurley,Sashenka.Hurley@yopmail.com,Sashenka.Hurley@gmail.com,firefighter
352,Tybie,Skurnik,Tybie.Skurnik@yopmail.com,Tybie.Skurnik@gmail.com,doctor
353,Vevay,Mata,Vevay.Mata@yopmail.com,Vevay.Mata@gmail.com,police officer
354,Briney,Delacourt,Briney.Delacourt@yopmail.com,Briney.Delacourt@gmail.com,worker
355,Ann-Marie,Yorick,Ann-Marie.Yorick@yopmail.com,Ann-Marie.Yorick@gmail.com,police officer
356,Anthia,Goode,Anthia.Goode@yopmail.com,Anthia.Goode@gmail.com,worker
357,Farrah,Suk,Farrah.Suk@yopmail.com,Farrah.Suk@gmail.com,firefighter
358,Farrah,Glenden,Farrah.Glenden@yopmail.com,Farrah.Glenden@gmail.com,developer
359,Anica,Shuler,Anica.Shuler@yopmail.com,Anica.Shuler@gmail.com,worker
360,Olwen,Jefferey,Olwen.Jefferey@yopmail.com,Olwen.Jefferey@gmail.com,developer
361,Kayla,Gamaliel,Kayla.Gamaliel@yopmail.com,Kayla.Gamaliel@gmail.com,doctor
362,Ketti,Euridice,Ketti.Euridice@yopmail.com,Ketti.Euridice@gmail.com,worker
363,Allyce,Zenas,Allyce.Zenas@yopmail.com,Allyce.Zenas@gmail.com,worker
364,Tressa,Maribeth,Tressa.Maribeth@yopmail.com,Tressa.Maribeth@gmail.com,firefighter
365,Wynne,O'Carroll,Wynne.O'Carroll@yopmail.com,Wynne.O'Carroll@gmail.com,worker
366,Miquela,Greyson,Miquela.Greyson@yopmail.com,Miquela.Greyson@gmail.com,doctor
367,Brietta,Leifeste,Brietta.Leifeste@yopmail.com,Brietta.Leifeste@gmail.com,police officer
368,Mellicent,Lory,Mellicent.Lory@yopmail.com,Mellicent.Lory@gmail.com,worker
369,Ninnetta,Wind,Ninnetta.Wind@yopmail.com,Ninnetta.Wind@gmail.com,developer
370,Ada,Weaks,Ada.Weaks@yopmail.com,Ada.Weaks@gmail.com,firefighter
371,Pearline,Martsen,Pearline.Martsen@yopmail.com,Pearline.Martsen@gmail.com,firefighter
372,Paulita,Corabella,Paulita.Corabella@yopmail.com,Paulita.Corabella@gmail.com,doctor
373,Madelle,Brunell,Madelle.Brunell@yopmail.com,Madelle.Brunell@gmail.com,developer
374,Emelina,Vins,Emelina.Vins@yopmail.com,Emelina.Vins@gmail.com,firefighter
375,Fayre,Croix,Fayre.Croix@yopmail.com,Fayre.Croix@gmail.com,firefighter
376,Deane,Bates,Deane.Bates@yopmail.com,Deane.Bates@gmail.com,police officer
377,Corene,Yuille,Corene.Yuille@yopmail.com,Corene.Yuille@gmail.com,police officer
378,Beverley,Greenwald,Beverley.Greenwald@yopmail.com,Beverley.Greenwald@gmail.com,firefighter
379,Karlee,Duwalt,Karlee.Duwalt@yopmail.com,Karlee.Duwalt@gmail.com,doctor
380,Coral,Gunn,Coral.Gunn@yopmail.com,Coral.Gunn@gmail.com,developer
381,Annabela,Irmine,Annabela.Irmine@yopmail.com,Annabela.Irmine@gmail.com,firefighter
382,Lily,Naor,Lily.Naor@yopmail.com,Lily.Naor@gmail.com,firefighter
383,Neila,Bultman,Neila.Bultman@yopmail.com,Neila.Bultman@gmail.com,developer
384,Marcelline,Latini,Marcelline.Latini@yopmail.com,Marcelline.Latini@gmail.com,doctor
385,Constance,Zina,Constance.Zina@yopmail.com,Constance.Zina@gmail.com,doctor
386,Karlee,Dom,Karlee.Dom@yopmail.com,Karlee.Dom@gmail.com,doctor
387,Sidoney,Helfand,Sidoney.Helfand@yopmail.com,Sidoney.Helfand@gmail.com,developer
388,Vita,Mintz,Vita.Mintz@yopmail.com,Vita.Mintz@gmail.com,developer
389,Renae,Garek,Renae.Garek@yopmail.com,Renae.Garek@gmail.com,developer
390,Basia,Sadowski,Basia.Sadowski@yopmail.com,Basia.Sadowski@gmail.com,developer
391,Jenilee,Hamil,Jenilee.Hamil@yopmail.com,Jenilee.Hamil@gmail.com,doctor
392,Brena,Fadiman,Brena.Fadiman@yopmail.com,Brena.Fadiman@gmail.com,developer
393,Kaia,Vharat,Kaia.Vharat@yopmail.com,Kaia.Vharat@gmail.com,police officer
394,Agnese,Kiersten,Agnese.Kiersten@yopmail.com,Agnese.Kiersten@gmail.com,police officer
395,Merle,Israeli,Merle.Israeli@yopmail.com,Merle.Israeli@gmail.com,doctor
396,Cissiee,Yorick,Cissiee.Yorick@yopmail.com,Cissiee.Yorick@gmail.com,developer
397,Babita,Thad,Babita.Thad@yopmail.com,Babita.Thad@gmail.com,worker
398,Bernardine,Adrienne,Bernardine.Adrienne@yopmail.com,Bernardine.Adrienne@gmail.com,police officer
399,Blondelle,Schalles,Blondelle.Schalles@yopmail.com,Blondelle.Schalles@gmail.com,police officer
400,Orsola,Miru,Orsola.Miru@yopmail.com,Orsola.Miru@gmail.com,doctor
401,Lenna,Lunsford,Lenna.Lunsford@yopmail.com,Lenna.Lunsford@gmail.com,doctor
402,Jessy,Dorcy,Jessy.Dorcy@yopmail.com,Jessy.Dorcy@gmail.com,developer
403,Veda,Raama,Veda.Raama@yopmail.com,Veda.Raama@gmail.com,firefighter
404,Gilda,Center,Gilda.Center@yopmail.com,Gilda.Center@gmail.com,firefighter
405,Leona,Marisa,Leona.Marisa@yopmail.com,Leona.Marisa@gmail.com,developer
406,Blake,Israeli,Blake.Israeli@yopmail.com,Blake.Israeli@gmail.com,firefighter
407,Chere,Teryn,Chere.Teryn@yopmail.com,Chere.Teryn@gmail.com,police officer
408,Consuela,Mallon,Consuela.Mallon@yopmail.com,Consuela.Mallon@gmail.com,doctor
409,Nicoli,Fiann,Nicoli.Fiann@yopmail.com,Nicoli.Fiann@gmail.com,developer
410,Lanae,Joeann,Lanae.Joeann@yopmail.com,Lanae.Joeann@gmail.com,developer
411,Nataline,Travax,Nataline.Travax@yopmail.com,Nataline.Travax@gmail.com,doctor
412,Stacey,Liva,Stacey.Liva@yopmail.com,Stacey.Liva@gmail.com,doctor
413,Myrtice,Krystle,Myrtice.Krystle@yopmail.com,Myrtice.Krystle@gmail.com,firefighter
414,Hettie,Delila,Hettie.Delila@yopmail.com,Hettie.Delila@gmail.com,police officer
415,Thalia,Markman,Thalia.Markman@yopmail.com,Thalia.Markman@gmail.com,developer
416,Sashenka,Lipson,Sashenka.Lipson@yopmail.com,Sashenka.Lipson@gmail.com,developer
417,Ana,Lesley,Ana.Lesley@yopmail.com,Ana.Lesley@gmail.com,police officer
418,Winifred,Gwenore,Winifred.Gwenore@yopmail.com,Winifred.Gwenore@gmail.com,police officer
419,Brynna,Hedve,Brynna.Hedve@yopmail.com,Brynna.Hedve@gmail.com,developer
420,Arabel,Olin,Arabel.Olin@yopmail.com,Arabel.Olin@gmail.com,developer
421,Winifred,Avi,Winifred.Avi@yopmail.com,Winifred.Avi@gmail.com,firefighter
422,Desirae,Dex,Desirae.Dex@yopmail.com,Desirae.Dex@gmail.com,worker
423,Atlanta,Horan,Atlanta.Horan@yopmail.com,Atlanta.Horan@gmail.com,developer
424,Wilma,Berard,Wilma.Berard@yopmail.com,Wilma.Berard@gmail.com,developer
425,Jessamyn,Gilmour,Jessamyn.Gilmour@yopmail.com,Jessamyn.Gilmour@gmail.com,doctor
426,Merci,Hollingsworth,Merci.Hollingsworth@yopmail.com,Merci.Hollingsworth@gmail.com,developer
427,Adore,Lorain,Adore.Lorain@yopmail.com,Adore.Lorain@gmail.com,firefighter
428,Nariko,Germann,Nariko.Germann@yopmail.com,Nariko.Germann@gmail.com,firefighter
429,Marline,Drisko,Marline.Drisko@yopmail.com,Marline.Drisko@gmail.com,firefighter
430,Ursulina,Nerita,Ursulina.Nerita@yopmail.com,Ursulina.Nerita@gmail.com,worker
431,Aaren,Ricki,Aaren.Ricki@yopmail.com,Aaren.Ricki@gmail.com,worker
432,Charmaine,Haymes,Charmaine.Haymes@yopmail.com,Charmaine.Haymes@gmail.com,police officer
433,Celestyna,Lytton,Celestyna.Lytton@yopmail.com,Celestyna.Lytton@gmail.com,doctor
434,Sherrie,Israeli,Sherrie.Israeli@yopmail.com,Sherrie.Israeli@gmail.com,developer
435,Lolita,Peti,Lolita.Peti@yopmail.com,Lolita.Peti@gmail.com,worker
436,Cacilie,Toffic,Cacilie.Toffic@yopmail.com,Cacilie.Toffic@gmail.com,worker
437,Deedee,Bonucci,Deedee.Bonucci@yopmail.com,Deedee.Bonucci@gmail.com,developer
438,Yolane,Nelsen,Yolane.Nelsen@yopmail.com,Yolane.Nelsen@gmail.com,worker
439,Kellen,Maroney,Kellen.Maroney@yopmail.com,Kellen.Maroney@gmail.com,firefighter
440,Roseline,Fadiman,Roseline.Fadiman@yopmail.com,Roseline.Fadiman@gmail.com,police officer
441,Netty,Standing,Netty.Standing@yopmail.com,Netty.Standing@gmail.com,developer
442,Tressa,Martguerita,Tressa.Martguerita@yopmail.com,Tressa.Martguerita@gmail.com,doctor
443,Allyce,Anis,Allyce.Anis@yopmail.com,Allyce.Anis@gmail.com,police officer
444,Shell,Rosemary,Shell.Rosemary@yopmail.com,Shell.Rosemary@gmail.com,doctor
445,Magdalena,Jary,Magdalena.Jary@yopmail.com,Magdalena.Jary@gmail.com,firefighter
446,Annecorinne,Harl,Annecorinne.Harl@yopmail.com,Annecorinne.Harl@gmail.com,police officer
447,Phedra,Stuart,Phedra.Stuart@yopmail.com,Phedra.Stuart@gmail.com,police officer
448,Ayn,Eno,Ayn.Eno@yopmail.com,Ayn.Eno@gmail.com,firefighter
449,Kittie,Fancie,Kittie.Fancie@yopmail.com,Kittie.Fancie@gmail.com,doctor
450,Latisha,Trey,Latisha.Trey@yopmail.com,Latisha.Trey@gmail.com,doctor
451,Darlleen,Stav,Darlleen.Stav@yopmail.com,Darlleen.Stav@gmail.com,firefighter
452,Jordan,Fiester,Jordan.Fiester@yopmail.com,Jordan.Fiester@gmail.com,developer
453,Maye,Edvard,Maye.Edvard@yopmail.com,Maye.Edvard@gmail.com,police officer
454,Chastity,Kaete,Chastity.Kaete@yopmail.com,Chastity.Kaete@gmail.com,police officer
455,Ezmeralda,Hedve,Ezmeralda.Hedve@yopmail.com,Ezmeralda.Hedve@gmail.com,firefighter
456,Theodora,Joeann,Theodora.Joeann@yopmail.com,Theodora.Joeann@gmail.com,worker
457,Ezmeralda,Ioab,Ezmeralda.Ioab@yopmail.com,Ezmeralda.Ioab@gmail.com,firefighter
458,Celene,Claudine,Celene.Claudine@yopmail.com,Celene.Claudine@gmail.com,police officer
459,Siana,Velick,Siana.Velick@yopmail.com,Siana.Velick@gmail.com,police officer
460,Fidelia,Stephie,Fidelia.Stephie@yopmail.com,Fidelia.Stephie@gmail.com,firefighter
461,Basia,Ledah,Basia.Ledah@yopmail.com,Basia.Ledah@gmail.com,doctor
462,Kittie,Desai,Kittie.Desai@yopmail.com,Kittie.Desai@gmail.com,police officer
463,Robinia,Bettine,Robinia.Bettine@yopmail.com,Robinia.Bettine@gmail.com,firefighter
464,Nelle,Juliet,Nelle.Juliet@yopmail.com,Nelle.Juliet@gmail.com,police officer
465,Janenna,Berard,Janenna.Berard@yopmail.com,Janenna.Berard@gmail.com,doctor
466,Damaris,Damarra,Damaris.Damarra@yopmail.com,Damaris.Damarra@gmail.com,doctor
467,Ericka,Annabella,Ericka.Annabella@yopmail.com,Ericka.Annabella@gmail.com,police officer
468,Tressa,Geffner,Tressa.Geffner@yopmail.com,Tressa.Geffner@gmail.com,worker
469,Jacenta,Urias,Jacenta.Urias@yopmail.com,Jacenta.Urias@gmail.com,firefighter
470,Eolanda,Sparhawk,Eolanda.Sparhawk@yopmail.com,Eolanda.Sparhawk@gmail.com,firefighter
471,Pamella,Ellerey,Pamella.Ellerey@yopmail.com,Pamella.Ellerey@gmail.com,firefighter
472,Shaylyn,Raffo,Shaylyn.Raffo@yopmail.com,Shaylyn.Raffo@gmail.com,firefighter
473,Kial,Lesley,Kial.Lesley@yopmail.com,Kial.Lesley@gmail.com,developer
474,Olwen,Freddi,Olwen.Freddi@yopmail.com,Olwen.Freddi@gmail.com,firefighter
475,Shirlee,Thilda,Shirlee.Thilda@yopmail.com,Shirlee.Thilda@gmail.com,police officer
476,Zia,Montgomery,Zia.Montgomery@yopmail.com,Zia.Montgomery@gmail.com,worker
477,Caressa,Anton,Caressa.Anton@yopmail.com,Caressa.Anton@gmail.com,developer
478,Magdalena,Adlare,Magdalena.Adlare@yopmail.com,Magdalena.Adlare@gmail.com,developer
479,Gwenneth,Anestassia,Gwenneth.Anestassia@yopmail.com,Gwenneth.Anestassia@gmail.com,firefighter
480,Karly,Francyne,Karly.Francyne@yopmail.com,Karly.Francyne@gmail.com,worker
481,Aaren,Palocz,Aaren.Palocz@yopmail.com,Aaren.Palocz@gmail.com,doctor
482,Ketti,Belanger,Ketti.Belanger@yopmail.com,Ketti.Belanger@gmail.com,doctor
483,Ninnetta,Ricarda,Ninnetta.Ricarda@yopmail.com,Ninnetta.Ricarda@gmail.com,police officer
484,Orelia,Birdella,Orelia.Birdella@yopmail.com,Orelia.Birdella@gmail.com,developer
485,Sheelagh,Nikaniki,Sheelagh.Nikaniki@yopmail.com,Sheelagh.Nikaniki@gmail.com,doctor
486,Constance,Thema,Constance.Thema@yopmail.com,Constance.Thema@gmail.com,firefighter
487,Addia,Tybald,Addia.Tybald@yopmail.com,Addia.Tybald@gmail.com,firefighter
488,Frank,Karylin,Frank.Karylin@yopmail.com,Frank.Karylin@gmail.com,worker
489,Karena,Phaidra,Karena.Phaidra@yopmail.com,Karena.Phaidra@gmail.com,firefighter
490,Linzy,Georgy,Linzy.Georgy@yopmail.com,Linzy.Georgy@gmail.com,worker
491,Patricia,Schenck,Patricia.Schenck@yopmail.com,Patricia.Schenck@gmail.com,firefighter
492,Marylou,Maryanne,Marylou.Maryanne@yopmail.com,Marylou.Maryanne@gmail.com,worker
493,Marita,Engdahl,Marita.Engdahl@yopmail.com,Marita.Engdahl@gmail.com,worker
494,Ardys,Naor,Ardys.Naor@yopmail.com,Ardys.Naor@gmail.com,police officer
495,Korrie,Desai,Korrie.Desai@yopmail.com,Korrie.Desai@gmail.com,firefighter
496,Marika,Kalinda,Marika.Kalinda@yopmail.com,Marika.Kalinda@gmail.com,worker
497,Lyssa,Torray,Lyssa.Torray@yopmail.com,Lyssa.Torray@gmail.com,police officer
498,Fina,Lubin,Fina.Lubin@yopmail.com,Fina.Lubin@gmail.com,worker
499,Karena,Maisey,Karena.Maisey@yopmail.com,Karena.Maisey@gmail.com,developer
500,Sissy,Carri,Sissy.Carri@yopmail.com,Sissy.Carri@gmail.com,police officer
501,Jere,Moina,Jere.Moina@yopmail.com,Jere.Moina@gmail.com,police officer
502,Lynde,Heidt,Lynde.Heidt@yopmail.com,Lynde.Heidt@gmail.com,developer
503,Imojean,Weaks,Imojean.Weaks@yopmail.com,Imojean.Weaks@gmail.com,worker
504,Rivalee,Merna,Rivalee.Merna@yopmail.com,Rivalee.Merna@gmail.com,doctor
505,Lauryn,Auberbach,Lauryn.Auberbach@yopmail.com,Lauryn.Auberbach@gmail.com,developer
506,Nerta,Reneta,Nerta.Reneta@yopmail.com,Nerta.Reneta@gmail.com,firefighter
507,Cathie,Vorster,Cathie.Vorster@yopmail.com,Cathie.Vorster@gmail.com,doctor
508,Odessa,Plato,Odessa.Plato@yopmail.com,Odessa.Plato@gmail.com,firefighter
509,Roberta,Halla,Roberta.Halla@yopmail.com,Roberta.Halla@gmail.com,worker
510,Darlleen,Dyche,Darlleen.Dyche@yopmail.com,Darlleen.Dyche@gmail.com,firefighter
511,Katuscha,Macey,Katuscha.Macey@yopmail.com,Katuscha.Macey@gmail.com,worker
512,Marline,Viddah,Marline.Viddah@yopmail.com,Marline.Viddah@gmail.com,worker
513,Lizzie,Zachary,Lizzie.Zachary@yopmail.com,Lizzie.Zachary@gmail.com,police officer
514,Steffane,Hazlett,Steffane.Hazlett@yopmail.com,Steffane.Hazlett@gmail.com,developer
515,Stacey,Naor,Stacey.Naor@yopmail.com,Stacey.Naor@gmail.com,worker
516,Kaia,Valerio,Kaia.Valerio@yopmail.com,Kaia.Valerio@gmail.com,doctor
517,Johna,Swigart,Johna.Swigart@yopmail.com,Johna.Swigart@gmail.com,police officer
518,Kaia,Wyn,Kaia.Wyn@yopmail.com,Kaia.Wyn@gmail.com,firefighter
519,Margette,Izaak,Margette.Izaak@yopmail.com,Margette.Izaak@gmail.com,doctor
520,Stephanie,Kronfeld,Stephanie.Kronfeld@yopmail.com,Stephanie.Kronfeld@gmail.com,police officer
521,Gabriellia,Raseda,Gabriellia.Raseda@yopmail.com,Gabriellia.Raseda@gmail.com,developer
522,Emelina,Cecile,Emelina.Cecile@yopmail.com,Emelina.Cecile@gmail.com,worker
523,Elsie,Tillford,Elsie.Tillford@yopmail.com,Elsie.Tillford@gmail.com,firefighter
524,Melodie,Goerke,Melodie.Goerke@yopmail.com,Melodie.Goerke@gmail.com,police officer
525,Myrtice,Hurley,Myrtice.Hurley@yopmail.com,Myrtice.Hurley@gmail.com,doctor
526,Gloria,Philoo,Gloria.Philoo@yopmail.com,Gloria.Philoo@gmail.com,worker
527,Ofilia,Geffner,Ofilia.Geffner@yopmail.com,Ofilia.Geffner@gmail.com,developer
528,Carmencita,Keily,Carmencita.Keily@yopmail.com,Carmencita.Keily@gmail.com,worker
529,Lorenza,Devlen,Lorenza.Devlen@yopmail.com,Lorenza.Devlen@gmail.com,doctor
530,Aimil,Edvard,Aimil.Edvard@yopmail.com,Aimil.Edvard@gmail.com,firefighter
531,Sherrie,Bashemeth,Sherrie.Bashemeth@yopmail.com,Sherrie.Bashemeth@gmail.com,developer
532,Alexine,Kirstin,Alexine.Kirstin@yopmail.com,Alexine.Kirstin@gmail.com,firefighter
533,Viki,Rodmann,Viki.Rodmann@yopmail.com,Viki.Rodmann@gmail.com,firefighter
534,Rosaline,Dunkin,Rosaline.Dunkin@yopmail.com,Rosaline.Dunkin@gmail.com,worker
535,Wendi,Dash,Wendi.Dash@yopmail.com,Wendi.Dash@gmail.com,developer
536,Gilda,Arquit,Gilda.Arquit@yopmail.com,Gilda.Arquit@gmail.com,developer
537,Nataline,Gillan,Nataline.Gillan@yopmail.com,Nataline.Gillan@gmail.com,worker
538,Nataline,Nance,Nataline.Nance@yopmail.com,Nataline.Nance@gmail.com,doctor
539,Valeda,Kesley,Valeda.Kesley@yopmail.com,Valeda.Kesley@gmail.com,police officer
540,Nanete,Chem,Nanete.Chem@yopmail.com,Nanete.Chem@gmail.com,worker
541,Magdalena,Dominy,Magdalena.Dominy@yopmail.com,Magdalena.Dominy@gmail.com,doctor
542,Elbertina,Allina,Elbertina.Allina@yopmail.com,Elbertina.Allina@gmail.com,worker
543,Nerta,Maples,Nerta.Maples@yopmail.com,Nerta.Maples@gmail.com,doctor
544,Katleen,Jarib,Katleen.Jarib@yopmail.com,Katleen.Jarib@gmail.com,developer
545,Layla,Shields,Layla.Shields@yopmail.com,Layla.Shields@gmail.com,doctor
546,Randa,Natalia,Randa.Natalia@yopmail.com,Randa.Natalia@gmail.com,developer
547,Joeann,Concha,Joeann.Concha@yopmail.com,Joeann.Concha@gmail.com,police officer
548,Clo,Woodberry,Clo.Woodberry@yopmail.com,Clo.Woodberry@gmail.com,firefighter
549,Hallie,Kaete,Hallie.Kaete@yopmail.com,Hallie.Kaete@gmail.com,developer
550,Kathy,Oneida,Kathy.Oneida@yopmail.com,Kathy.Oneida@gmail.com,developer
551,Sidoney,Diann,Sidoney.Diann@yopmail.com,Sidoney.Diann@gmail.com,police officer
552,Maryellen,Wind,Maryellen.Wind@yopmail.com,Maryellen.Wind@gmail.com,doctor
553,Roxane,Douglass,Roxane.Douglass@yopmail.com,Roxane.Douglass@gmail.com,worker
554,Modestia,Wu,Modestia.Wu@yopmail.com,Modestia.Wu@gmail.com,doctor
555,Annora,Yuille,Annora.Yuille@yopmail.com,Annora.Yuille@gmail.com,firefighter
556,Lanna,Eldrid,Lanna.Eldrid@yopmail.com,Lanna.Eldrid@gmail.com,developer
557,Madelle,Wiener,Madelle.Wiener@yopmail.com,Madelle.Wiener@gmail.com,doctor
558,Mureil,Harned,Mureil.Harned@yopmail.com,Mureil.Harned@gmail.com,police officer
559,Almeta,Rubie,Almeta.Rubie@yopmail.com,Almeta.Rubie@gmail.com,developer
560,Kayla,Mozelle,Kayla.Mozelle@yopmail.com,Kayla.Mozelle@gmail.com,doctor
561,Lila,Noam,Lila.Noam@yopmail.com,Lila.Noam@gmail.com,worker
562,Diena,Henrie,Diena.Henrie@yopmail.com,Diena.Henrie@gmail.com,firefighter
563,Kerrin,Merat,Kerrin.Merat@yopmail.com,Kerrin.Merat@gmail.com,worker
564,Constance,Natica,Constance.Natica@yopmail.com,Constance.Natica@gmail.com,worker
565,Melodie,Peonir,Melodie.Peonir@yopmail.com,Melodie.Peonir@gmail.com,police officer
566,Claudina,Vacuva,Claudina.Vacuva@yopmail.com,Claudina.Vacuva@gmail.com,police officer
567,Katharina,Georgy,Katharina.Georgy@yopmail.com,Katharina.Georgy@gmail.com,firefighter
568,Daune,Riva,Daune.Riva@yopmail.com,Daune.Riva@gmail.com,doctor
569,Karlee,An,Karlee.An@yopmail.com,Karlee.An@gmail.com,doctor
570,Binny,Guthrie,Binny.Guthrie@yopmail.com,Binny.Guthrie@gmail.com,developer
571,Alisha,Wadell,Alisha.Wadell@yopmail.com,Alisha.Wadell@gmail.com,police officer
572,Cindelyn,Cleavland,Cindelyn.Cleavland@yopmail.com,Cindelyn.Cleavland@gmail.com,doctor
573,Asia,Tound,Asia.Tound@yopmail.com,Asia.Tound@gmail.com,doctor
574,Tera,Mott,Tera.Mott@yopmail.com,Tera.Mott@gmail.com,doctor
575,Belinda,Abram,Belinda.Abram@yopmail.com,Belinda.Abram@gmail.com,police officer
576,Jorry,Erlandson,Jorry.Erlandson@yopmail.com,Jorry.Erlandson@gmail.com,worker
577,Demetris,Gahl,Demetris.Gahl@yopmail.com,Demetris.Gahl@gmail.com,developer
578,Florie,Adlare,Florie.Adlare@yopmail.com,Florie.Adlare@gmail.com,worker
579,Fina,Auberbach,Fina.Auberbach@yopmail.com,Fina.Auberbach@gmail.com,worker
580,Silvana,Orelee,Silvana.Orelee@yopmail.com,Silvana.Orelee@gmail.com,worker
581,Max,Geffner,Max.Geffner@yopmail.com,Max.Geffner@gmail.com,firefighter
582,Meghann,Kiersten,Meghann.Kiersten@yopmail.com,Meghann.Kiersten@gmail.com,firefighter
583,Fidelia,Izaak,Fidelia.Izaak@yopmail.com,Fidelia.Izaak@gmail.com,firefighter
584,Jsandye,Tiffa,Jsandye.Tiffa@yopmail.com,Jsandye.Tiffa@gmail.com,doctor
585,Joy,Mauer,Joy.Mauer@yopmail.com,Joy.Mauer@gmail.com,firefighter
586,Claresta,Letsou,Claresta.Letsou@yopmail.com,Claresta.Letsou@gmail.com,doctor
587,Kayla,Rurik,Kayla.Rurik@yopmail.com,Kayla.Rurik@gmail.com,doctor
588,Jemie,Ruvolo,Jemie.Ruvolo@yopmail.com,Jemie.Ruvolo@gmail.com,doctor
589,Allyce,Riva,Allyce.Riva@yopmail.com,Allyce.Riva@gmail.com,worker
590,Addia,Stelle,Addia.Stelle@yopmail.com,Addia.Stelle@gmail.com,police officer
591,Ulrike,Gladstone,Ulrike.Gladstone@yopmail.com,Ulrike.Gladstone@gmail.com,police officer
592,Kelly,Persse,Kelly.Persse@yopmail.com,Kelly.Persse@gmail.com,developer
593,Ardeen,Chandler,Ardeen.Chandler@yopmail.com,Ardeen.Chandler@gmail.com,doctor
594,Thalia,Karylin,Thalia.Karylin@yopmail.com,Thalia.Karylin@gmail.com,doctor
595,Johna,Parette,Johna.Parette@yopmail.com,Johna.Parette@gmail.com,developer
596,Ira,Klemperer,Ira.Klemperer@yopmail.com,Ira.Klemperer@gmail.com,doctor
597,Tamqrah,Wilona,Tamqrah.Wilona@yopmail.com,Tamqrah.Wilona@gmail.com,worker
598,Loree,Pettiford,Loree.Pettiford@yopmail.com,Loree.Pettiford@gmail.com,firefighter
599,Ricky,Pelagias,Ricky.Pelagias@yopmail.com,Ricky.Pelagias@gmail.com,doctor
600,Gusella,Desai,Gusella.Desai@yopmail.com,Gusella.Desai@gmail.com,developer
601,Sharlene,Cottle,Sharlene.Cottle@yopmail.com,Sharlene.Cottle@gmail.com,developer
602,Frances,Salchunas,Frances.Salchunas@yopmail.com,Frances.Salchunas@gmail.com,developer
603,Ermengarde,Fitzsimmons,Ermengarde.Fitzsimmons@yopmail.com,Ermengarde.Fitzsimmons@gmail.com,developer
604,Allyce,Colp,Allyce.Colp@yopmail.com,Allyce.Colp@gmail.com,police officer
605,Bibby,Gert,Bibby.Gert@yopmail.com,Bibby.Gert@gmail.com,firefighter
606,Jaclyn,Raychel,Jaclyn.Raychel@yopmail.com,Jaclyn.Raychel@gmail.com,developer
607,Marti,Borrell,Marti.Borrell@yopmail.com,Marti.Borrell@gmail.com,doctor
608,Jerry,Joseph,Jerry.Joseph@yopmail.com,Jerry.Joseph@gmail.com,police officer
609,Averyl,Lanita,Averyl.Lanita@yopmail.com,Averyl.Lanita@gmail.com,doctor
610,Siana,Bonilla,Siana.Bonilla@yopmail.com,Siana.Bonilla@gmail.com,firefighter
611,Frieda,Merriott,Frieda.Merriott@yopmail.com,Frieda.Merriott@gmail.com,doctor
612,Jean,Nisbet,Jean.Nisbet@yopmail.com,Jean.Nisbet@gmail.com,police officer
613,Tilly,Valoniah,Tilly.Valoniah@yopmail.com,Tilly.Valoniah@gmail.com,developer
614,Elyssa,Uird,Elyssa.Uird@yopmail.com,Elyssa.Uird@gmail.com,worker
615,Kristina,Ludewig,Kristina.Ludewig@yopmail.com,Kristina.Ludewig@gmail.com,worker
616,Ardeen,Creamer,Ardeen.Creamer@yopmail.com,Ardeen.Creamer@gmail.com,developer
617,Reeba,Egbert,Reeba.Egbert@yopmail.com,Reeba.Egbert@gmail.com,developer
618,Nita,Fontana,Nita.Fontana@yopmail.com,Nita.Fontana@gmail.com,doctor
619,Rayna,Westphal,Rayna.Westphal@yopmail.com,Rayna.Westphal@gmail.com,firefighter
620,Cassondra,Bendick,Cassondra.Bendick@yopmail.com,Cassondra.Bendick@gmail.com,police officer
621,Allis,Swigart,Allis.Swigart@yopmail.com,Allis.Swigart@gmail.com,worker
622,Sue,Wildermuth,Sue.Wildermuth@yopmail.com,Sue.Wildermuth@gmail.com,firefighter
623,Paola,Zrike,Paola.Zrike@yopmail.com,Paola.Zrike@gmail.com,police officer
624,Lenna,Rese,Lenna.Rese@yopmail.com,Lenna.Rese@gmail.com,firefighter
625,Dagmar,Kalinda,Dagmar.Kalinda@yopmail.com,Dagmar.Kalinda@gmail.com,doctor
626,Janis,Halla,Janis.Halla@yopmail.com,Janis.Halla@gmail.com,worker
627,Aigneis,Armanda,Aigneis.Armanda@yopmail.com,Aigneis.Armanda@gmail.com,developer
628,Lolita,Kussell,Lolita.Kussell@yopmail.com,Lolita.Kussell@gmail.com,worker
629,Agnese,Bahr,Agnese.Bahr@yopmail.com,Agnese.Bahr@gmail.com,police officer
630,Kathy,Papageno,Kathy.Papageno@yopmail.com,Kathy.Papageno@gmail.com,firefighter
631,Esmeralda,Tippets,Esmeralda.Tippets@yopmail.com,Esmeralda.Tippets@gmail.com,developer
632,Heida,Eckblad,Heida.Eckblad@yopmail.com,Heida.Eckblad@gmail.com,doctor
633,Hermione,Alejoa,Hermione.Alejoa@yopmail.com,Hermione.Alejoa@gmail.com,developer
634,Aeriela,Ivens,Aeriela.Ivens@yopmail.com,Aeriela.Ivens@gmail.com,police officer
635,Linet,Kenwood,Linet.Kenwood@yopmail.com,Linet.Kenwood@gmail.com,doctor
636,Codie,Forrer,Codie.Forrer@yopmail.com,Codie.Forrer@gmail.com,doctor
637,Willetta,Buttaro,Willetta.Buttaro@yopmail.com,Willetta.Buttaro@gmail.com,worker
638,Verla,Ruvolo,Verla.Ruvolo@yopmail.com,Verla.Ruvolo@gmail.com,worker
639,Larine,Fillbert,Larine.Fillbert@yopmail.com,Larine.Fillbert@gmail.com,police officer
640,Mignon,Florina,Mignon.Florina@yopmail.com,Mignon.Florina@gmail.com,firefighter
641,Mamie,Pauly,Mamie.Pauly@yopmail.com,Mamie.Pauly@gmail.com,developer
642,Therine,Gerge,Therine.Gerge@yopmail.com,Therine.Gerge@gmail.com,police officer
643,Tybie,Noam,Tybie.Noam@yopmail.com,Tybie.Noam@gmail.com,doctor
644,Miquela,Idelia,Miquela.Idelia@yopmail.com,Miquela.Idelia@gmail.com,firefighter
645,Olwen,Maurine,Olwen.Maurine@yopmail.com,Olwen.Maurine@gmail.com,doctor
646,Chastity,Billye,Chastity.Billye@yopmail.com,Chastity.Billye@gmail.com,worker
647,Dacia,Zamora,Dacia.Zamora@yopmail.com,Dacia.Zamora@gmail.com,firefighter
648,Britte,Ephrem,Britte.Ephrem@yopmail.com,Britte.Ephrem@gmail.com,police officer
649,Judy,Gaspard,Judy.Gaspard@yopmail.com,Judy.Gaspard@gmail.com,doctor
650,Beth,Teddman,Beth.Teddman@yopmail.com,Beth.Teddman@gmail.com,worker
651,Ileana,Rosalba,Ileana.Rosalba@yopmail.com,Ileana.Rosalba@gmail.com,firefighter
652,Beverley,Flita,Beverley.Flita@yopmail.com,Beverley.Flita@gmail.com,firefighter
653,Ardys,Muriel,Ardys.Muriel@yopmail.com,Ardys.Muriel@gmail.com,doctor
654,Teddie,Papageno,Teddie.Papageno@yopmail.com,Teddie.Papageno@gmail.com,firefighter
655,Adelle,Therine,Adelle.Therine@yopmail.com,Adelle.Therine@gmail.com,developer
656,Lacie,Goode,Lacie.Goode@yopmail.com,Lacie.Goode@gmail.com,doctor
657,Justinn,Odell,Justinn.Odell@yopmail.com,Justinn.Odell@gmail.com,developer
658,Rosabelle,Voletta,Rosabelle.Voletta@yopmail.com,Rosabelle.Voletta@gmail.com,police officer
659,Almeta,Gerge,Almeta.Gerge@yopmail.com,Almeta.Gerge@gmail.com,doctor
660,Barbara,Lymann,Barbara.Lymann@yopmail.com,Barbara.Lymann@gmail.com,police officer
661,Chastity,Baylor,Chastity.Baylor@yopmail.com,Chastity.Baylor@gmail.com,doctor
662,Gabriellia,Muriel,Gabriellia.Muriel@yopmail.com,Gabriellia.Muriel@gmail.com,worker
663,Merle,Saint,Merle.Saint@yopmail.com,Merle.Saint@gmail.com,developer
664,Caritta,Idelia,Caritta.Idelia@yopmail.com,Caritta.Idelia@gmail.com,developer
665,Jacenta,Cath,Jacenta.Cath@yopmail.com,Jacenta.Cath@gmail.com,firefighter
666,Sadie,Honoria,Sadie.Honoria@yopmail.com,Sadie.Honoria@gmail.com,developer
667,Liana,Ehrman,Liana.Ehrman@yopmail.com,Liana.Ehrman@gmail.com,developer
668,Karly,Eugenia,Karly.Eugenia@yopmail.com,Karly.Eugenia@gmail.com,firefighter
669,Merrie,Codding,Merrie.Codding@yopmail.com,Merrie.Codding@gmail.com,worker
670,Caryl,Brady,Caryl.Brady@yopmail.com,Caryl.Brady@gmail.com,police officer
671,Dacia,Ochs,Dacia.Ochs@yopmail.com,Dacia.Ochs@gmail.com,firefighter
672,Jean,Carolin,Jean.Carolin@yopmail.com,Jean.Carolin@gmail.com,doctor
673,Susette,Frendel,Susette.Frendel@yopmail.com,Susette.Frendel@gmail.com,firefighter
674,Devina,Reinke,Devina.Reinke@yopmail.com,Devina.Reinke@gmail.com,firefighter
675,Max,Holtz,Max.Holtz@yopmail.com,Max.Holtz@gmail.com,firefighter
676,Adele,Vilma,Adele.Vilma@yopmail.com,Adele.Vilma@gmail.com,doctor
677,Lacie,Luhe,Lacie.Luhe@yopmail.com,Lacie.Luhe@gmail.com,developer
678,Vinita,Haerr,Vinita.Haerr@yopmail.com,Vinita.Haerr@gmail.com,worker
679,Rayna,Kenney,Rayna.Kenney@yopmail.com,Rayna.Kenney@gmail.com,developer
680,Molli,Goldina,Molli.Goldina@yopmail.com,Molli.Goldina@gmail.com,developer
681,Millie,Millda,Millie.Millda@yopmail.com,Millie.Millda@gmail.com,developer
682,Chandra,Liebermann,Chandra.Liebermann@yopmail.com,Chandra.Liebermann@gmail.com,firefighter
683,Cindelyn,Mike,Cindelyn.Mike@yopmail.com,Cindelyn.Mike@gmail.com,doctor
684,Jaclyn,Stover,Jaclyn.Stover@yopmail.com,Jaclyn.Stover@gmail.com,developer
685,Elbertina,Kosey,Elbertina.Kosey@yopmail.com,Elbertina.Kosey@gmail.com,police officer
686,Farrah,Lory,Farrah.Lory@yopmail.com,Farrah.Lory@gmail.com,developer
687,Shaylyn,Burnside,Shaylyn.Burnside@yopmail.com,Shaylyn.Burnside@gmail.com,firefighter
688,Cherilyn,Pascia,Cherilyn.Pascia@yopmail.com,Cherilyn.Pascia@gmail.com,firefighter
689,Elie,Ahab,Elie.Ahab@yopmail.com,Elie.Ahab@gmail.com,developer
690,Aaren,Trey,Aaren.Trey@yopmail.com,Aaren.Trey@gmail.com,worker
691,Correy,Adalbert,Correy.Adalbert@yopmail.com,Correy.Adalbert@gmail.com,firefighter
692,Tersina,Mich,Tersina.Mich@yopmail.com,Tersina.Mich@gmail.com,firefighter
693,Sara-Ann,Astra,Sara-Ann.Astra@yopmail.com,Sara-Ann.Astra@gmail.com,doctor
694,Blake,Lytton,Blake.Lytton@yopmail.com,Blake.Lytton@gmail.com,worker
695,Clementine,Gladstone,Clementine.Gladstone@yopmail.com,Clementine.Gladstone@gmail.com,police officer
696,Gertrud,Curren,Gertrud.Curren@yopmail.com,Gertrud.Curren@gmail.com,doctor
697,Fanny,Faria,Fanny.Faria@yopmail.com,Fanny.Faria@gmail.com,developer
698,Janey,Lanita,Janey.Lanita@yopmail.com,Janey.Lanita@gmail.com,firefighter
699,Ruthe,Tacye,Ruthe.Tacye@yopmail.com,Ruthe.Tacye@gmail.com,worker
700,Zaria,Donoghue,Zaria.Donoghue@yopmail.com,Zaria.Donoghue@gmail.com,worker
701,Goldie,Santoro,Goldie.Santoro@yopmail.com,Goldie.Santoro@gmail.com,doctor
702,Emylee,Kathie,Emylee.Kathie@yopmail.com,Emylee.Kathie@gmail.com,worker
703,Chrystel,Rodmann,Chrystel.Rodmann@yopmail.com,Chrystel.Rodmann@gmail.com,police officer
704,Eugine,Peti,Eugine.Peti@yopmail.com,Eugine.Peti@gmail.com,police officer
705,Emelina,Yusuk,Emelina.Yusuk@yopmail.com,Emelina.Yusuk@gmail.com,firefighter
706,Audrie,Skell,Audrie.Skell@yopmail.com,Audrie.Skell@gmail.com,doctor
707,Meg,Gwenore,Meg.Gwenore@yopmail.com,Meg.Gwenore@gmail.com,police officer
708,Briney,Tengdin,Briney.Tengdin@yopmail.com,Briney.Tengdin@gmail.com,doctor
709,Ruthe,Eben,Ruthe.Eben@yopmail.com,Ruthe.Eben@gmail.com,doctor
710,Christy,Rurik,Christy.Rurik@yopmail.com,Christy.Rurik@gmail.com,police officer
711,Dania,Margarete,Dania.Margarete@yopmail.com,Dania.Margarete@gmail.com,firefighter
712,Ida,Evangelia,Ida.Evangelia@yopmail.com,Ida.Evangelia@gmail.com,doctor
713,Jolyn,Chesna,Jolyn.Chesna@yopmail.com,Jolyn.Chesna@gmail.com,firefighter
714,Hayley,Florina,Hayley.Florina@yopmail.com,Hayley.Florina@gmail.com,developer
715,Basia,Callista,Basia.Callista@yopmail.com,Basia.Callista@gmail.com,firefighter
716,Raf,Deegan,Raf.Deegan@yopmail.com,Raf.Deegan@gmail.com,doctor
717,Sandie,Flita,Sandie.Flita@yopmail.com,Sandie.Flita@gmail.com,worker
718,Riannon,Sacken,Riannon.Sacken@yopmail.com,Riannon.Sacken@gmail.com,police officer
719,Shaine,Ajay,Shaine.Ajay@yopmail.com,Shaine.Ajay@gmail.com,developer
720,Tonia,Reidar,Tonia.Reidar@yopmail.com,Tonia.Reidar@gmail.com,police officer
721,Barbi,Rolf,Barbi.Rolf@yopmail.com,Barbi.Rolf@gmail.com,doctor
722,Sandie,Greenwald,Sandie.Greenwald@yopmail.com,Sandie.Greenwald@gmail.com,firefighter
723,Eve,Mintz,Eve.Mintz@yopmail.com,Eve.Mintz@gmail.com,police officer
724,Calla,Skurnik,Calla.Skurnik@yopmail.com,Calla.Skurnik@gmail.com,doctor
725,Fina,Obed,Fina.Obed@yopmail.com,Fina.Obed@gmail.com,doctor
726,Clary,Gombach,Clary.Gombach@yopmail.com,Clary.Gombach@gmail.com,worker
727,Consuela,Berl,Consuela.Berl@yopmail.com,Consuela.Berl@gmail.com,worker
728,Aimil,Stav,Aimil.Stav@yopmail.com,Aimil.Stav@gmail.com,worker
729,Mara,Rese,Mara.Rese@yopmail.com,Mara.Rese@gmail.com,police officer
730,Edyth,Urania,Edyth.Urania@yopmail.com,Edyth.Urania@gmail.com,doctor
731,Molli,Ledah,Molli.Ledah@yopmail.com,Molli.Ledah@gmail.com,worker
732,Dulcinea,Danby,Dulcinea.Danby@yopmail.com,Dulcinea.Danby@gmail.com,police officer
733,Farrah,Fadiman,Farrah.Fadiman@yopmail.com,Farrah.Fadiman@gmail.com,doctor
734,Julieta,Bobbee,Julieta.Bobbee@yopmail.com,Julieta.Bobbee@gmail.com,firefighter
735,Carree,Suzetta,Carree.Suzetta@yopmail.com,Carree.Suzetta@gmail.com,developer
736,Goldie,Hourigan,Goldie.Hourigan@yopmail.com,Goldie.Hourigan@gmail.com,developer
737,Edyth,Tengdin,Edyth.Tengdin@yopmail.com,Edyth.Tengdin@gmail.com,developer
738,Glenda,Denis,Glenda.Denis@yopmail.com,Glenda.Denis@gmail.com,doctor
739,Kylynn,Lalitta,Kylynn.Lalitta@yopmail.com,Kylynn.Lalitta@gmail.com,firefighter
740,Nerta,Ader,Nerta.Ader@yopmail.com,Nerta.Ader@gmail.com,worker
741,Chrystel,Douglass,Chrystel.Douglass@yopmail.com,Chrystel.Douglass@gmail.com,doctor
742,Nonnah,Bronk,Nonnah.Bronk@yopmail.com,Nonnah.Bronk@gmail.com,worker
743,Gusty,Gillan,Gusty.Gillan@yopmail.com,Gusty.Gillan@gmail.com,developer
744,Roxane,Scammon,Roxane.Scammon@yopmail.com,Roxane.Scammon@gmail.com,police officer
745,Winny,Gunn,Winny.Gunn@yopmail.com,Winny.Gunn@gmail.com,worker
746,Ann-Marie,Laverne,Ann-Marie.Laverne@yopmail.com,Ann-Marie.Laverne@gmail.com,developer
747,Emylee,Martsen,Emylee.Martsen@yopmail.com,Emylee.Martsen@gmail.com,police officer
748,Almeta,Harl,Almeta.Harl@yopmail.com,Almeta.Harl@gmail.com,developer
749,Patricia,Grosz,Patricia.Grosz@yopmail.com,Patricia.Grosz@gmail.com,worker
750,Phedra,Zaslow,Phedra.Zaslow@yopmail.com,Phedra.Zaslow@gmail.com,firefighter
751,Dale,Gavrila,Dale.Gavrila@yopmail.com,Dale.Gavrila@gmail.com,developer
752,Bill,Hertzfeld,Bill.Hertzfeld@yopmail.com,Bill.Hertzfeld@gmail.com,worker
753,Cristabel,Talia,Cristabel.Talia@yopmail.com,Cristabel.Talia@gmail.com,developer
754,Rochette,Gladstone,Rochette.Gladstone@yopmail.com,Rochette.Gladstone@gmail.com,worker
755,Merci,Turne,Merci.Turne@yopmail.com,Merci.Turne@gmail.com,firefighter
756,Chandra,Terrence,Chandra.Terrence@yopmail.com,Chandra.Terrence@gmail.com,doctor
757,Brena,Wyn,Brena.Wyn@yopmail.com,Brena.Wyn@gmail.com,doctor
758,Yetty,Goode,Yetty.Goode@yopmail.com,Yetty.Goode@gmail.com,firefighter
759,Tracey,Juan,Tracey.Juan@yopmail.com,Tracey.Juan@gmail.com,firefighter
760,Amelia,Helve,Amelia.Helve@yopmail.com,Amelia.Helve@gmail.com,worker
761,Ericka,Sigfrid,Ericka.Sigfrid@yopmail.com,Ericka.Sigfrid@gmail.com,police officer
762,Sean,Eliathas,Sean.Eliathas@yopmail.com,Sean.Eliathas@gmail.com,doctor
763,Chandra,Nance,Chandra.Nance@yopmail.com,Chandra.Nance@gmail.com,police officer
764,Inga,Sekofski,Inga.Sekofski@yopmail.com,Inga.Sekofski@gmail.com,doctor
765,Kamilah,Laverne,Kamilah.Laverne@yopmail.com,Kamilah.Laverne@gmail.com,firefighter
766,Mathilda,Garrison,Mathilda.Garrison@yopmail.com,Mathilda.Garrison@gmail.com,developer
767,Ashlee,Dulciana,Ashlee.Dulciana@yopmail.com,Ashlee.Dulciana@gmail.com,firefighter
768,Max,Buffum,Max.Buffum@yopmail.com,Max.Buffum@gmail.com,worker
769,Collen,Ajay,Collen.Ajay@yopmail.com,Collen.Ajay@gmail.com,doctor
770,Jere,Jacobah,Jere.Jacobah@yopmail.com,Jere.Jacobah@gmail.com,firefighter
771,Wynne,Adore,Wynne.Adore@yopmail.com,Wynne.Adore@gmail.com,firefighter
772,Adore,Saint,Adore.Saint@yopmail.com,Adore.Saint@gmail.com,doctor
773,Linzy,Stefa,Linzy.Stefa@yopmail.com,Linzy.Stefa@gmail.com,police officer
774,Aurelie,Noelyn,Aurelie.Noelyn@yopmail.com,Aurelie.Noelyn@gmail.com,firefighter
775,Celene,Tamsky,Celene.Tamsky@yopmail.com,Celene.Tamsky@gmail.com,firefighter
776,Grier,Telfer,Grier.Telfer@yopmail.com,Grier.Telfer@gmail.com,doctor
777,Roxane,Shuler,Roxane.Shuler@yopmail.com,Roxane.Shuler@gmail.com,police officer
778,Ardenia,Mauer,Ardenia.Mauer@yopmail.com,Ardenia.Mauer@gmail.com,worker
779,Cristabel,Kinnard,Cristabel.Kinnard@yopmail.com,Cristabel.Kinnard@gmail.com,police officer
780,Dorthy,Christal,Dorthy.Christal@yopmail.com,Dorthy.Christal@gmail.com,developer
781,Merrie,Aida,Merrie.Aida@yopmail.com,Merrie.Aida@gmail.com,police officer
782,Annaliese,Demitria,Annaliese.Demitria@yopmail.com,Annaliese.Demitria@gmail.com,developer
783,Anestassia,Naor,Anestassia.Naor@yopmail.com,Anestassia.Naor@gmail.com,worker
784,Brooks,Lay,Brooks.Lay@yopmail.com,Brooks.Lay@gmail.com,doctor
785,Ileana,Poppy,Ileana.Poppy@yopmail.com,Ileana.Poppy@gmail.com,firefighter
786,Raf,Saree,Raf.Saree@yopmail.com,Raf.Saree@gmail.com,firefighter
787,Paola,Emmy,Paola.Emmy@yopmail.com,Paola.Emmy@gmail.com,worker
788,Michaelina,Gherardo,Michaelina.Gherardo@yopmail.com,Michaelina.Gherardo@gmail.com,developer
789,Jennica,Leopold,Jennica.Leopold@yopmail.com,Jennica.Leopold@gmail.com,firefighter
790,Renie,Schenck,Renie.Schenck@yopmail.com,Renie.Schenck@gmail.com,firefighter
791,Kore,Monk,Kore.Monk@yopmail.com,Kore.Monk@gmail.com,police officer
792,Aili,Ax,Aili.Ax@yopmail.com,Aili.Ax@gmail.com,doctor
793,Blondelle,Celestine,Blondelle.Celestine@yopmail.com,Blondelle.Celestine@gmail.com,worker
794,Atlanta,Japeth,Atlanta.Japeth@yopmail.com,Atlanta.Japeth@gmail.com,police officer
795,Liana,Grayce,Liana.Grayce@yopmail.com,Liana.Grayce@gmail.com,police officer
796,Taffy,Frodi,Taffy.Frodi@yopmail.com,Taffy.Frodi@gmail.com,police officer
797,Dotty,Ajay,Dotty.Ajay@yopmail.com,Dotty.Ajay@gmail.com,firefighter
798,Gabriellia,Wesle,Gabriellia.Wesle@yopmail.com,Gabriellia.Wesle@gmail.com,worker
799,Chandra,Buttaro,Chandra.Buttaro@yopmail.com,Chandra.Buttaro@gmail.com,firefighter
800,Ernesta,Lymann,Ernesta.Lymann@yopmail.com,Ernesta.Lymann@gmail.com,police officer
801,Nyssa,Henrie,Nyssa.Henrie@yopmail.com,Nyssa.Henrie@gmail.com,police officer
802,Joleen,Lipson,Joleen.Lipson@yopmail.com,Joleen.Lipson@gmail.com,firefighter
803,Robbi,Auberbach,Robbi.Auberbach@yopmail.com,Robbi.Auberbach@gmail.com,police officer
804,Dominga,Craggie,Dominga.Craggie@yopmail.com,Dominga.Craggie@gmail.com,developer
805,Christy,Saree,Christy.Saree@yopmail.com,Christy.Saree@gmail.com,firefighter
806,Lelah,Hebner,Lelah.Hebner@yopmail.com,Lelah.Hebner@gmail.com,worker
807,Allis,Bebe,Allis.Bebe@yopmail.com,Allis.Bebe@gmail.com,firefighter
808,Patricia,Yorick,Patricia.Yorick@yopmail.com,Patricia.Yorick@gmail.com,developer
809,Charlena,Syd,Charlena.Syd@yopmail.com,Charlena.Syd@gmail.com,police officer
810,Karlee,Fitzsimmons,Karlee.Fitzsimmons@yopmail.com,Karlee.Fitzsimmons@gmail.com,developer
811,Brietta,Chandler,Brietta.Chandler@yopmail.com,Brietta.Chandler@gmail.com,doctor
812,Selma,Edee,Selma.Edee@yopmail.com,Selma.Edee@gmail.com,doctor
813,Marti,Talia,Marti.Talia@yopmail.com,Marti.Talia@gmail.com,doctor
814,Bobbi,Saint,Bobbi.Saint@yopmail.com,Bobbi.Saint@gmail.com,police officer
815,Molli,Herrera,Molli.Herrera@yopmail.com,Molli.Herrera@gmail.com,worker
816,Cecile,Ball,Cecile.Ball@yopmail.com,Cecile.Ball@gmail.com,firefighter
817,Clo,Gregrory,Clo.Gregrory@yopmail.com,Clo.Gregrory@gmail.com,worker
818,Bobbi,Toffic,Bobbi.Toffic@yopmail.com,Bobbi.Toffic@gmail.com,firefighter
819,Karly,Nikaniki,Karly.Nikaniki@yopmail.com,Karly.Nikaniki@gmail.com,firefighter
820,Brana,Kathie,Brana.Kathie@yopmail.com,Brana.Kathie@gmail.com,worker
821,Correy,Lytton,Correy.Lytton@yopmail.com,Correy.Lytton@gmail.com,firefighter
822,Linet,Giule,Linet.Giule@yopmail.com,Linet.Giule@gmail.com,worker
823,Gerrie,Linehan,Gerrie.Linehan@yopmail.com,Gerrie.Linehan@gmail.com,firefighter
824,June,Haymes,June.Haymes@yopmail.com,June.Haymes@gmail.com,firefighter
825,Zsa Zsa,Gusella,Zsa Zsa.Gusella@yopmail.com,Zsa Zsa.Gusella@gmail.com,firefighter
826,Nelle,Burkle,Nelle.Burkle@yopmail.com,Nelle.Burkle@gmail.com,worker
827,Jany,Rad,Jany.Rad@yopmail.com,Jany.Rad@gmail.com,police officer
828,Tracey,Ventre,Tracey.Ventre@yopmail.com,Tracey.Ventre@gmail.com,developer
829,Theodora,Irmine,Theodora.Irmine@yopmail.com,Theodora.Irmine@gmail.com,worker
830,Ashlee,Behre,Ashlee.Behre@yopmail.com,Ashlee.Behre@gmail.com,doctor
831,Vere,Ferrell,Vere.Ferrell@yopmail.com,Vere.Ferrell@gmail.com,police officer
832,Cristine,Hurley,Cristine.Hurley@yopmail.com,Cristine.Hurley@gmail.com,firefighter
833,Ida,Thornburg,Ida.Thornburg@yopmail.com,Ida.Thornburg@gmail.com,firefighter
834,Sarette,Tremayne,Sarette.Tremayne@yopmail.com,Sarette.Tremayne@gmail.com,worker
835,Kirstin,Bearnard,Kirstin.Bearnard@yopmail.com,Kirstin.Bearnard@gmail.com,firefighter
836,Cecile,Horan,Cecile.Horan@yopmail.com,Cecile.Horan@gmail.com,doctor
837,Aaren,Fosque,Aaren.Fosque@yopmail.com,Aaren.Fosque@gmail.com,worker
838,Aigneis,Fadiman,Aigneis.Fadiman@yopmail.com,Aigneis.Fadiman@gmail.com,developer
839,Minne,Garlinda,Minne.Garlinda@yopmail.com,Minne.Garlinda@gmail.com,police officer
840,Aaren,Anton,Aaren.Anton@yopmail.com,Aaren.Anton@gmail.com,firefighter
841,Viviene,Felecia,Viviene.Felecia@yopmail.com,Viviene.Felecia@gmail.com,police officer
842,Morganica,McAdams,Morganica.McAdams@yopmail.com,Morganica.McAdams@gmail.com,developer
843,Mellicent,Ajay,Mellicent.Ajay@yopmail.com,Mellicent.Ajay@gmail.com,doctor
844,Allis,Alejoa,Allis.Alejoa@yopmail.com,Allis.Alejoa@gmail.com,worker
845,Constance,Artie,Constance.Artie@yopmail.com,Constance.Artie@gmail.com,worker
846,Lily,Ezar,Lily.Ezar@yopmail.com,Lily.Ezar@gmail.com,doctor
847,Malina,Karylin,Malina.Karylin@yopmail.com,Malina.Karylin@gmail.com,developer
848,Jemie,Dannye,Jemie.Dannye@yopmail.com,Jemie.Dannye@gmail.com,doctor
849,Raquela,Joeann,Raquela.Joeann@yopmail.com,Raquela.Joeann@gmail.com,doctor
850,Fanchon,Sprage,Fanchon.Sprage@yopmail.com,Fanchon.Sprage@gmail.com,worker
851,Adelle,Bari,Adelle.Bari@yopmail.com,Adelle.Bari@gmail.com,worker
852,Marti,Lowry,Marti.Lowry@yopmail.com,Marti.Lowry@gmail.com,police officer
853,Bernie,Niles,Bernie.Niles@yopmail.com,Bernie.Niles@gmail.com,firefighter
854,Sibella,Elisha,Sibella.Elisha@yopmail.com,Sibella.Elisha@gmail.com,police officer
855,Eugine,Colp,Eugine.Colp@yopmail.com,Eugine.Colp@gmail.com,developer
856,Wynne,Lanita,Wynne.Lanita@yopmail.com,Wynne.Lanita@gmail.com,police officer
857,Aeriela,Soneson,Aeriela.Soneson@yopmail.com,Aeriela.Soneson@gmail.com,worker
858,Bernie,Toor,Bernie.Toor@yopmail.com,Bernie.Toor@gmail.com,worker
859,Merry,Stefa,Merry.Stefa@yopmail.com,Merry.Stefa@gmail.com,worker
860,Glenda,Pillsbury,Glenda.Pillsbury@yopmail.com,Glenda.Pillsbury@gmail.com,worker
861,Jinny,Rad,Jinny.Rad@yopmail.com,Jinny.Rad@gmail.com,doctor
862,Ronna,Aloise,Ronna.Aloise@yopmail.com,Ronna.Aloise@gmail.com,developer
863,Hallie,Ehrman,Hallie.Ehrman@yopmail.com,Hallie.Ehrman@gmail.com,police officer
864,Trixi,Helfand,Trixi.Helfand@yopmail.com,Trixi.Helfand@gmail.com,developer
865,Tressa,Sandye,Tressa.Sandye@yopmail.com,Tressa.Sandye@gmail.com,firefighter
866,Barbara,Neva,Barbara.Neva@yopmail.com,Barbara.Neva@gmail.com,doctor
867,Dotty,Pascia,Dotty.Pascia@yopmail.com,Dotty.Pascia@gmail.com,firefighter
868,Rhoda,Edison,Rhoda.Edison@yopmail.com,Rhoda.Edison@gmail.com,firefighter
869,Lexine,Othilia,Lexine.Othilia@yopmail.com,Lexine.Othilia@gmail.com,firefighter
870,Elena,Fairweather,Elena.Fairweather@yopmail.com,Elena.Fairweather@gmail.com,firefighter
871,Madalyn,Yusuk,Madalyn.Yusuk@yopmail.com,Madalyn.Yusuk@gmail.com,firefighter
872,Gwyneth,Craggie,Gwyneth.Craggie@yopmail.com,Gwyneth.Craggie@gmail.com,police officer
873,Susan,Peonir,Susan.Peonir@yopmail.com,Susan.Peonir@gmail.com,police officer
874,Daphne,Capello,Daphne.Capello@yopmail.com,Daphne.Capello@gmail.com,worker
875,Ethel,Liva,Ethel.Liva@yopmail.com,Ethel.Liva@gmail.com,doctor
876,Giustina,Wind,Giustina.Wind@yopmail.com,Giustina.Wind@gmail.com,firefighter
877,Leontine,Christal,Leontine.Christal@yopmail.com,Leontine.Christal@gmail.com,doctor
878,Elka,Nadia,Elka.Nadia@yopmail.com,Elka.Nadia@gmail.com,worker
879,Linet,Joli,Linet.Joli@yopmail.com,Linet.Joli@gmail.com,firefighter
880,Candy,Bennie,Candy.Bennie@yopmail.com,Candy.Bennie@gmail.com,developer
881,Camile,McGrody,Camile.McGrody@yopmail.com,Camile.McGrody@gmail.com,firefighter
882,Leontine,Germann,Leontine.Germann@yopmail.com,Leontine.Germann@gmail.com,police officer
883,Romona,Monk,Romona.Monk@yopmail.com,Romona.Monk@gmail.com,police officer
884,Ermengarde,August,Ermengarde.August@yopmail.com,Ermengarde.August@gmail.com,doctor
885,Valli,Linskey,Valli.Linskey@yopmail.com,Valli.Linskey@gmail.com,worker
886,Ulrike,Kirbee,Ulrike.Kirbee@yopmail.com,Ulrike.Kirbee@gmail.com,firefighter
887,Glenda,Hepsibah,Glenda.Hepsibah@yopmail.com,Glenda.Hepsibah@gmail.com,police officer
888,Philis,Madox,Philis.Madox@yopmail.com,Philis.Madox@gmail.com,doctor
889,Lynea,Uund,Lynea.Uund@yopmail.com,Lynea.Uund@gmail.com,worker
890,Leeanne,Dash,Leeanne.Dash@yopmail.com,Leeanne.Dash@gmail.com,developer
891,Collen,Cath,Collen.Cath@yopmail.com,Collen.Cath@gmail.com,police officer
892,Nicoli,McClimans,Nicoli.McClimans@yopmail.com,Nicoli.McClimans@gmail.com,firefighter
893,Aimil,Casimir,Aimil.Casimir@yopmail.com,Aimil.Casimir@gmail.com,doctor
894,Lucy,Gemini,Lucy.Gemini@yopmail.com,Lucy.Gemini@gmail.com,firefighter
895,Andeee,Andrel,Andeee.Andrel@yopmail.com,Andeee.Andrel@gmail.com,police officer
896,Dominga,Corilla,Dominga.Corilla@yopmail.com,Dominga.Corilla@gmail.com,doctor
897,Leeanne,Old,Leeanne.Old@yopmail.com,Leeanne.Old@gmail.com,police officer
898,Jolyn,Rozanna,Jolyn.Rozanna@yopmail.com,Jolyn.Rozanna@gmail.com,worker
899,Lacie,Yorick,Lacie.Yorick@yopmail.com,Lacie.Yorick@gmail.com,doctor
900,Margarette,Vanni,Margarette.Vanni@yopmail.com,Margarette.Vanni@gmail.com,police officer
901,Lorne,Durante,Lorne.Durante@yopmail.com,Lorne.Durante@gmail.com,developer
902,Nonnah,Ioab,Nonnah.Ioab@yopmail.com,Nonnah.Ioab@gmail.com,worker
903,Felice,Demitria,Felice.Demitria@yopmail.com,Felice.Demitria@gmail.com,doctor
904,Steffane,Baylor,Steffane.Baylor@yopmail.com,Steffane.Baylor@gmail.com,firefighter
905,Sidoney,Liebermann,Sidoney.Liebermann@yopmail.com,Sidoney.Liebermann@gmail.com,doctor
906,Ardeen,Wilona,Ardeen.Wilona@yopmail.com,Ardeen.Wilona@gmail.com,worker
907,Marika,Fancie,Marika.Fancie@yopmail.com,Marika.Fancie@gmail.com,firefighter
908,Tonia,Karylin,Tonia.Karylin@yopmail.com,Tonia.Karylin@gmail.com,doctor
909,Sybille,Dorcy,Sybille.Dorcy@yopmail.com,Sybille.Dorcy@gmail.com,developer
910,Jaime,Pitt,Jaime.Pitt@yopmail.com,Jaime.Pitt@gmail.com,doctor
911,Molli,Carolin,Molli.Carolin@yopmail.com,Molli.Carolin@gmail.com,firefighter
912,Deirdre,Tristram,Deirdre.Tristram@yopmail.com,Deirdre.Tristram@gmail.com,worker
913,Elka,Maryanne,Elka.Maryanne@yopmail.com,Elka.Maryanne@gmail.com,developer
914,Mady,Seligman,Mady.Seligman@yopmail.com,Mady.Seligman@gmail.com,firefighter
915,Dawn,Talia,Dawn.Talia@yopmail.com,Dawn.Talia@gmail.com,firefighter
916,Dorthy,Susannah,Dorthy.Susannah@yopmail.com,Dorthy.Susannah@gmail.com,doctor
917,Rhoda,Gabrielli,Rhoda.Gabrielli@yopmail.com,Rhoda.Gabrielli@gmail.com,doctor
918,Vonny,Myrilla,Vonny.Myrilla@yopmail.com,Vonny.Myrilla@gmail.com,firefighter
919,Noelle,Carlson,Noelle.Carlson@yopmail.com,Noelle.Carlson@gmail.com,worker
920,Norine,Pettiford,Norine.Pettiford@yopmail.com,Norine.Pettiford@gmail.com,doctor
921,Kimmy,Rosalba,Kimmy.Rosalba@yopmail.com,Kimmy.Rosalba@gmail.com,developer
922,Tiffie,Ochs,Tiffie.Ochs@yopmail.com,Tiffie.Ochs@gmail.com,police officer
923,Ana,Etom,Ana.Etom@yopmail.com,Ana.Etom@gmail.com,firefighter
924,Phedra,Izaak,Phedra.Izaak@yopmail.com,Phedra.Izaak@gmail.com,worker
925,Tobe,Ferrell,Tobe.Ferrell@yopmail.com,Tobe.Ferrell@gmail.com,doctor
926,Janenna,Bow,Janenna.Bow@yopmail.com,Janenna.Bow@gmail.com,worker
927,Paulita,Hillel,Paulita.Hillel@yopmail.com,Paulita.Hillel@gmail.com,police officer
928,Camile,Larochelle,Camile.Larochelle@yopmail.com,Camile.Larochelle@gmail.com,worker
929,Myrtice,Whittaker,Myrtice.Whittaker@yopmail.com,Myrtice.Whittaker@gmail.com,police officer
930,Di,Cullin,Di.Cullin@yopmail.com,Di.Cullin@gmail.com,police officer
931,Tierney,Wandie,Tierney.Wandie@yopmail.com,Tierney.Wandie@gmail.com,police officer
932,Lulita,Kermit,Lulita.Kermit@yopmail.com,Lulita.Kermit@gmail.com,police officer
933,Paule,Hanshaw,Paule.Hanshaw@yopmail.com,Paule.Hanshaw@gmail.com,worker
934,Aimil,Leopold,Aimil.Leopold@yopmail.com,Aimil.Leopold@gmail.com,firefighter
935,Winifred,Hourigan,Winifred.Hourigan@yopmail.com,Winifred.Hourigan@gmail.com,police officer
936,Bibby,Stoller,Bibby.Stoller@yopmail.com,Bibby.Stoller@gmail.com,police officer
937,Miquela,Clywd,Miquela.Clywd@yopmail.com,Miquela.Clywd@gmail.com,worker
938,Lita,Lia,Lita.Lia@yopmail.com,Lita.Lia@gmail.com,doctor
939,Netty,Masao,Netty.Masao@yopmail.com,Netty.Masao@gmail.com,doctor
940,Dode,Brackely,Dode.Brackely@yopmail.com,Dode.Brackely@gmail.com,developer
941,Elyssa,Franza,Elyssa.Franza@yopmail.com,Elyssa.Franza@gmail.com,firefighter
942,Fayre,Jehu,Fayre.Jehu@yopmail.com,Fayre.Jehu@gmail.com,developer
943,Carmela,Roumell,Carmela.Roumell@yopmail.com,Carmela.Roumell@gmail.com,firefighter
944,Daphne,Revkah,Daphne.Revkah@yopmail.com,Daphne.Revkah@gmail.com,worker
945,Dulce,Lunsford,Dulce.Lunsford@yopmail.com,Dulce.Lunsford@gmail.com,developer
946,Sidoney,Lory,Sidoney.Lory@yopmail.com,Sidoney.Lory@gmail.com,worker
947,Kathi,Ummersen,Kathi.Ummersen@yopmail.com,Kathi.Ummersen@gmail.com,developer
948,Vivia,Gemini,Vivia.Gemini@yopmail.com,Vivia.Gemini@gmail.com,worker
949,Gusella,Israeli,Gusella.Israeli@yopmail.com,Gusella.Israeli@gmail.com,doctor
950,Shirlee,Gordon,Shirlee.Gordon@yopmail.com,Shirlee.Gordon@gmail.com,police officer
951,Sissy,Sprage,Sissy.Sprage@yopmail.com,Sissy.Sprage@gmail.com,firefighter
952,Elka,Carey,Elka.Carey@yopmail.com,Elka.Carey@gmail.com,doctor
953,Goldie,Leonard,Goldie.Leonard@yopmail.com,Goldie.Leonard@gmail.com,developer
954,Valli,Garrison,Valli.Garrison@yopmail.com,Valli.Garrison@gmail.com,police officer
955,Stacey,Monaco,Stacey.Monaco@yopmail.com,Stacey.Monaco@gmail.com,police officer
956,Mahalia,Bow,Mahalia.Bow@yopmail.com,Mahalia.Bow@gmail.com,police officer
957,Alie,Blisse,Alie.Blisse@yopmail.com,Alie.Blisse@gmail.com,developer
958,Andree,Kussell,Andree.Kussell@yopmail.com,Andree.Kussell@gmail.com,police officer
959,Tersina,Candy,Tersina.Candy@yopmail.com,Tersina.Candy@gmail.com,doctor
960,Raina,Naor,Raina.Naor@yopmail.com,Raina.Naor@gmail.com,police officer
961,Ruthe,Gillan,Ruthe.Gillan@yopmail.com,Ruthe.Gillan@gmail.com,worker
962,Arlena,Toor,Arlena.Toor@yopmail.com,Arlena.Toor@gmail.com,firefighter
963,Dyann,Mandler,Dyann.Mandler@yopmail.com,Dyann.Mandler@gmail.com,worker
964,Katuscha,Blake,Katuscha.Blake@yopmail.com,Katuscha.Blake@gmail.com,police officer
965,Brena,Dex,Brena.Dex@yopmail.com,Brena.Dex@gmail.com,developer
966,Alie,Sherrie,Alie.Sherrie@yopmail.com,Alie.Sherrie@gmail.com,developer
967,Janenna,Israeli,Janenna.Israeli@yopmail.com,Janenna.Israeli@gmail.com,worker
968,Flo,Lanita,Flo.Lanita@yopmail.com,Flo.Lanita@gmail.com,doctor
969,Di,Chauncey,Di.Chauncey@yopmail.com,Di.Chauncey@gmail.com,worker
970,Renae,Persse,Renae.Persse@yopmail.com,Renae.Persse@gmail.com,worker
971,Jasmina,Engdahl,Jasmina.Engdahl@yopmail.com,Jasmina.Engdahl@gmail.com,police officer
972,Doralynne,Gordon,Doralynne.Gordon@yopmail.com,Doralynne.Gordon@gmail.com,police officer
973,Leia,Verger,Leia.Verger@yopmail.com,Leia.Verger@gmail.com,developer
974,Florie,Mitzi,Florie.Mitzi@yopmail.com,Florie.Mitzi@gmail.com,police officer
975,Cassondra,Byrne,Cassondra.Byrne@yopmail.com,Cassondra.Byrne@gmail.com,developer
976,Lynea,Keelia,Lynea.Keelia@yopmail.com,Lynea.Keelia@gmail.com,worker
977,Gianina,Parsaye,Gianina.Parsaye@yopmail.com,Gianina.Parsaye@gmail.com,police officer
978,Lynea,Thema,Lynea.Thema@yopmail.com,Lynea.Thema@gmail.com,worker
979,Emmey,Vittoria,Emmey.Vittoria@yopmail.com,Emmey.Vittoria@gmail.com,doctor
980,Ketti,Burkle,Ketti.Burkle@yopmail.com,Ketti.Burkle@gmail.com,police officer
981,Karina,Shelba,Karina.Shelba@yopmail.com,Karina.Shelba@gmail.com,police officer
982,Cordi,Cadmar,Cordi.Cadmar@yopmail.com,Cordi.Cadmar@gmail.com,developer
983,Nannie,Dulciana,Nannie.Dulciana@yopmail.com,Nannie.Dulciana@gmail.com,firefighter
984,Hildegaard,Berne,Hildegaard.Berne@yopmail.com,Hildegaard.Berne@gmail.com,developer
985,Jolyn,O'Neill,Jolyn.O'Neill@yopmail.com,Jolyn.O'Neill@gmail.com,doctor
986,Anestassia,Morehouse,Anestassia.Morehouse@yopmail.com,Anestassia.Morehouse@gmail.com,firefighter
987,Dode,Carvey,Dode.Carvey@yopmail.com,Dode.Carvey@gmail.com,doctor
988,Camile,Harned,Camile.Harned@yopmail.com,Camile.Harned@gmail.com,firefighter
989,Roslyn,Kendrick,Roslyn.Kendrick@yopmail.com,Roslyn.Kendrick@gmail.com,police officer
990,Karena,Ramona,Karena.Ramona@yopmail.com,Karena.Ramona@gmail.com,police officer
991,Andeee,Earlie,Andeee.Earlie@yopmail.com,Andeee.Earlie@gmail.com,police officer
992,Cecile,Ricarda,Cecile.Ricarda@yopmail.com,Cecile.Ricarda@gmail.com,developer
993,Juliane,Prober,Juliane.Prober@yopmail.com,Juliane.Prober@gmail.com,worker
994,Mellicent,Vastah,Mellicent.Vastah@yopmail.com,Mellicent.Vastah@gmail.com,firefighter
995,Rosabelle,Ardra,Rosabelle.Ardra@yopmail.com,Rosabelle.Ardra@gmail.com,firefighter
996,Tierney,Taam,Tierney.Taam@yopmail.com,Tierney.Taam@gmail.com,developer
997,Cassondra,Othilia,Cassondra.Othilia@yopmail.com,Cassondra.Othilia@gmail.com,developer
998,Diena,Chandler,Diena.Chandler@yopmail.com,Diena.Chandler@gmail.com,doctor
999,Wanda,Goerke,Wanda.Goerke@yopmail.com,Wanda.Goerke@gmail.com,developer
1000,Daryl,Hermes,Daryl.Hermes@yopmail.com,Daryl.Hermes@gmail.com,police officer
1001,Blondelle,Jarib,Blondelle.Jarib@yopmail.com,Blondelle.Jarib@gmail.com,doctor
1002,Maryellen,Bivins,Maryellen.Bivins@yopmail.com,Maryellen.Bivins@gmail.com,doctor
1003,Suzette,Bearnard,Suzette.Bearnard@yopmail.com,Suzette.Bearnard@gmail.com,firefighter
1004,Sabina,Bohlin,Sabina.Bohlin@yopmail.com,Sabina.Bohlin@gmail.com,developer
1005,Kirbee,Esmaria,Kirbee.Esmaria@yopmail.com,Kirbee.Esmaria@gmail.com,firefighter
1006,Marleah,Liebermann,Marleah.Liebermann@yopmail.com,Marleah.Liebermann@gmail.com,worker
1007,Beth,Bryna,Beth.Bryna@yopmail.com,Beth.Bryna@gmail.com,doctor
1008,Micheline,Diogenes,Micheline.Diogenes@yopmail.com,Micheline.Diogenes@gmail.com,doctor
1009,Zsa Zsa,Naor,Zsa Zsa.Naor@yopmail.com,Zsa Zsa.Naor@gmail.com,police officer
1010,Blake,Corilla,Blake.Corilla@yopmail.com,Blake.Corilla@gmail.com,doctor
1011,Hannis,Stilwell,Hannis.Stilwell@yopmail.com,Hannis.Stilwell@gmail.com,firefighter
1012,Gusty,Velick,Gusty.Velick@yopmail.com,Gusty.Velick@gmail.com,doctor
1013,Linet,Rolf,Linet.Rolf@yopmail.com,Linet.Rolf@gmail.com,worker
1014,Jenilee,Iaverne,Jenilee.Iaverne@yopmail.com,Jenilee.Iaverne@gmail.com,firefighter
1015,Bettine,Uund,Bettine.Uund@yopmail.com,Bettine.Uund@gmail.com,firefighter
1016,Hildegaard,Bethany,Hildegaard.Bethany@yopmail.com,Hildegaard.Bethany@gmail.com,worker
1017,Catharine,Dearborn,Catharine.Dearborn@yopmail.com,Catharine.Dearborn@gmail.com,doctor
1018,Dianemarie,Cottle,Dianemarie.Cottle@yopmail.com,Dianemarie.Cottle@gmail.com,developer
1019,Gavrielle,Ophelia,Gavrielle.Ophelia@yopmail.com,Gavrielle.Ophelia@gmail.com,worker
1020,Lilith,Isacco,Lilith.Isacco@yopmail.com,Lilith.Isacco@gmail.com,worker
1021,Lexine,Lymann,Lexine.Lymann@yopmail.com,Lexine.Lymann@gmail.com,police officer
1022,Carree,Delp,Carree.Delp@yopmail.com,Carree.Delp@gmail.com,firefighter
1023,Caryl,Verger,Caryl.Verger@yopmail.com,Caryl.Verger@gmail.com,doctor
1024,Wendi,Burch,Wendi.Burch@yopmail.com,Wendi.Burch@gmail.com,worker
1025,Jasmina,Lymann,Jasmina.Lymann@yopmail.com,Jasmina.Lymann@gmail.com,doctor
1026,Zaria,Boycey,Zaria.Boycey@yopmail.com,Zaria.Boycey@gmail.com,developer
1027,Gale,Decato,Gale.Decato@yopmail.com,Gale.Decato@gmail.com,developer
1028,Estell,Garlinda,Estell.Garlinda@yopmail.com,Estell.Garlinda@gmail.com,firefighter
1029,Mureil,Valerio,Mureil.Valerio@yopmail.com,Mureil.Valerio@gmail.com,worker
1030,Claudina,Pearse,Claudina.Pearse@yopmail.com,Claudina.Pearse@gmail.com,worker
1031,Josephine,Bertold,Josephine.Bertold@yopmail.com,Josephine.Bertold@gmail.com,doctor
1032,Hallie,Weide,Hallie.Weide@yopmail.com,Hallie.Weide@gmail.com,doctor
1033,Asia,Haldas,Asia.Haldas@yopmail.com,Asia.Haldas@gmail.com,worker
1034,Roxane,Dudley,Roxane.Dudley@yopmail.com,Roxane.Dudley@gmail.com,doctor
1035,Linet,Milson,Linet.Milson@yopmail.com,Linet.Milson@gmail.com,firefighter
1036,Kristina,Dulciana,Kristina.Dulciana@yopmail.com,Kristina.Dulciana@gmail.com,doctor
1037,Marnia,Mata,Marnia.Mata@yopmail.com,Marnia.Mata@gmail.com,police officer
1038,Myrtice,Stover,Myrtice.Stover@yopmail.com,Myrtice.Stover@gmail.com,doctor
1039,Rivalee,Lenny,Rivalee.Lenny@yopmail.com,Rivalee.Lenny@gmail.com,developer
1040,Gerrie,Karna,Gerrie.Karna@yopmail.com,Gerrie.Karna@gmail.com,police officer
1041,Minne,Lorain,Minne.Lorain@yopmail.com,Minne.Lorain@gmail.com,firefighter
1042,Danika,Garek,Danika.Garek@yopmail.com,Danika.Garek@gmail.com,developer
1043,Georgetta,Gaulin,Georgetta.Gaulin@yopmail.com,Georgetta.Gaulin@gmail.com,developer
1044,Bernie,Celestine,Bernie.Celestine@yopmail.com,Bernie.Celestine@gmail.com,worker
1045,Nariko,Bach,Nariko.Bach@yopmail.com,Nariko.Bach@gmail.com,doctor
1046,Antonietta,Whiffen,Antonietta.Whiffen@yopmail.com,Antonietta.Whiffen@gmail.com,worker
1047,Gloria,Telfer,Gloria.Telfer@yopmail.com,Gloria.Telfer@gmail.com,doctor
1048,Thalia,Japeth,Thalia.Japeth@yopmail.com,Thalia.Japeth@gmail.com,worker
1049,Genevra,Raffo,Genevra.Raffo@yopmail.com,Genevra.Raffo@gmail.com,developer
1050,Correy,Manolo,Correy.Manolo@yopmail.com,Correy.Manolo@gmail.com,worker
1051,Ketti,Mozelle,Ketti.Mozelle@yopmail.com,Ketti.Mozelle@gmail.com,doctor
1052,Brena,Latini,Brena.Latini@yopmail.com,Brena.Latini@gmail.com,doctor
1053,Nicoli,Rhu,Nicoli.Rhu@yopmail.com,Nicoli.Rhu@gmail.com,doctor
1054,Stephanie,Schwejda,Stephanie.Schwejda@yopmail.com,Stephanie.Schwejda@gmail.com,worker
1055,Mathilda,Alrich,Mathilda.Alrich@yopmail.com,Mathilda.Alrich@gmail.com,developer
1056,Andeee,Luhe,Andeee.Luhe@yopmail.com,Andeee.Luhe@gmail.com,police officer
1057,Netty,Joseph,Netty.Joseph@yopmail.com,Netty.Joseph@gmail.com,doctor
1058,Sheree,Parette,Sheree.Parette@yopmail.com,Sheree.Parette@gmail.com,firefighter
1059,Janis,Carey,Janis.Carey@yopmail.com,Janis.Carey@gmail.com,police officer
1060,Ardeen,Chick,Ardeen.Chick@yopmail.com,Ardeen.Chick@gmail.com,police officer
1061,Vevay,Donell,Vevay.Donell@yopmail.com,Vevay.Donell@gmail.com,police officer
1062,Gerianna,Zetta,Gerianna.Zetta@yopmail.com,Gerianna.Zetta@gmail.com,police officer
1063,Elka,Izaak,Elka.Izaak@yopmail.com,Elka.Izaak@gmail.com,police officer
1064,Jerry,Atcliffe,Jerry.Atcliffe@yopmail.com,Jerry.Atcliffe@gmail.com,police officer
1065,Mureil,Oster,Mureil.Oster@yopmail.com,Mureil.Oster@gmail.com,police officer
1066,Candi,Suanne,Candi.Suanne@yopmail.com,Candi.Suanne@gmail.com,doctor
1067,Kayla,Uird,Kayla.Uird@yopmail.com,Kayla.Uird@gmail.com,firefighter
1068,Lyssa,Cornelia,Lyssa.Cornelia@yopmail.com,Lyssa.Cornelia@gmail.com,firefighter
1069,Glenda,Clarissa,Glenda.Clarissa@yopmail.com,Glenda.Clarissa@gmail.com,firefighter
1070,Wilma,Vary,Wilma.Vary@yopmail.com,Wilma.Vary@gmail.com,worker
1071,Desirae,Lynn,Desirae.Lynn@yopmail.com,Desirae.Lynn@gmail.com,developer
1072,Aurelie,Raama,Aurelie.Raama@yopmail.com,Aurelie.Raama@gmail.com,police officer
1073,Kristan,Izaak,Kristan.Izaak@yopmail.com,Kristan.Izaak@gmail.com,worker
1074,Ninnetta,Manolo,Ninnetta.Manolo@yopmail.com,Ninnetta.Manolo@gmail.com,police officer
1075,Henriette,Dichy,Henriette.Dichy@yopmail.com,Henriette.Dichy@gmail.com,worker
1076,Abbie,Lunsford,Abbie.Lunsford@yopmail.com,Abbie.Lunsford@gmail.com,firefighter
1077,Ardeen,Oster,Ardeen.Oster@yopmail.com,Ardeen.Oster@gmail.com,firefighter
1078,Cristabel,Manolo,Cristabel.Manolo@yopmail.com,Cristabel.Manolo@gmail.com,worker
1079,Ellette,Goth,Ellette.Goth@yopmail.com,Ellette.Goth@gmail.com,worker
1080,Alleen,Jary,Alleen.Jary@yopmail.com,Alleen.Jary@gmail.com,firefighter
1081,Alie,Argus,Alie.Argus@yopmail.com,Alie.Argus@gmail.com,doctor
1082,Giustina,Karna,Giustina.Karna@yopmail.com,Giustina.Karna@gmail.com,worker
1083,Collen,Modie,Collen.Modie@yopmail.com,Collen.Modie@gmail.com,firefighter
1084,Halette,Swanhildas,Halette.Swanhildas@yopmail.com,Halette.Swanhildas@gmail.com,worker
1085,Joleen,Annabella,Joleen.Annabella@yopmail.com,Joleen.Annabella@gmail.com,firefighter
1086,Sheelagh,Chem,Sheelagh.Chem@yopmail.com,Sheelagh.Chem@gmail.com,doctor
1087,Binny,Teddman,Binny.Teddman@yopmail.com,Binny.Teddman@gmail.com,police officer
1088,Lisette,Cressida,Lisette.Cressida@yopmail.com,Lisette.Cressida@gmail.com,firefighter
1089,Elyssa,O'Rourke,Elyssa.O'Rourke@yopmail.com,Elyssa.O'Rourke@gmail.com,firefighter
1090,Tonia,Moseley,Tonia.Moseley@yopmail.com,Tonia.Moseley@gmail.com,doctor
1091,Brooks,Cyrie,Brooks.Cyrie@yopmail.com,Brooks.Cyrie@gmail.com,doctor
1092,Lauryn,Jehu,Lauryn.Jehu@yopmail.com,Lauryn.Jehu@gmail.com,doctor
1093,Frieda,Stoller,Frieda.Stoller@yopmail.com,Frieda.Stoller@gmail.com,police officer
1094,Claudina,Schonfeld,Claudina.Schonfeld@yopmail.com,Claudina.Schonfeld@gmail.com,developer
1095,Celisse,Elbertina,Celisse.Elbertina@yopmail.com,Celisse.Elbertina@gmail.com,doctor
1096,Gertrud,Manolo,Gertrud.Manolo@yopmail.com,Gertrud.Manolo@gmail.com,doctor
1097,Regina,Magnolia,Regina.Magnolia@yopmail.com,Regina.Magnolia@gmail.com,doctor
1098,Korrie,Hartnett,Korrie.Hartnett@yopmail.com,Korrie.Hartnett@gmail.com,worker
1099,Merry,Cordi,Merry.Cordi@yopmail.com,Merry.Cordi@gmail.com,police officer